station_id,station_name,station_pinyin_headchar,station_pinyin
1,明水河,msh,mingshuihe
2,鲁山,ls,lushan
3,宝泉岭,bql,baoquanling
4,迎春,yc,yingchun
5,昆山南,ksn,kunshannan
6,云山,ys,yunshan
7,宁武,nw,ningwu
8,原平西,ypx,yuanpingxi
9,常村,cc,changcun
10,焉耆,yq,yanqi
11,临城,lc,lincheng
12,保家楼,bjl,baojialou
13,华容东,hrd,huarongdong
14,麓谷,lg,lugu
15,牛车河,nch,niuchehe
16,长兴南,zxn,zhangxingnan
17,贵阳东,gyd,guiyangdong
18,柞水,zs,zuoshui
19,阳信,yx,yangxin
20,云东海,ydh,yundonghai
21,桐乡,tx,tongxiang
22,铁岭,tl,tieling
23,卫星,wx,weixing
24,四方台,sft,sifangtai
25,衡山,hs,hengshan
26,秦家庄,qjz,qinjiazhuang
27,白水江,bsj,baishuijiang
28,黄陵,hl,huangling
29,宁安,na,ningan
30,沈家,sj,shenjia
31,板城,bc,bancheng
32,龙岩,ly,longyan
33,吴川,wc,wuchuan
34,夏坝,xb,xiaba
35,郫县,px,pixian
36,渭南北,wnb,weinanbei
37,商河,sh,shanghe
38,阿龙山,als,alongshan
39,疏勒河,slh,shulehe
40,松树林,ssl,songshulin
41,龙沟,lg,longgou
42,连云港,lyg,lianyungang
43,前苇塘,qwt,qianweitang
44,湖口,hk,hukou
45,丰顺,fs,fengshun
46,额敏,em,emin
47,绿潭,lt,lu:tan
48,鲁河,lh,luhe
49,煤田,mt,meitian
50,徐州,xz,xuzhou
51,陆川,lc,luchuan
52,周口东,zkd,zhoukoudong
53,桐庐,tl,tonglu
54,神州,sz,shenzhou
55,红兴隆,hxl,hongxinglong
56,睢宁,sn,suining
57,兰州东,lzd,lanzhoudong
58,隆昌,lc,longchang
59,笔架山,bjs,bijiashan
60,黑冲滩,hct,heichongtan
61,招柏,zb,zhaobo
62,堡子湾,bzw,baoziwan
63,盐津,yj,yanjin
64,常州北,czb,changzhoubei
65,平遥,py,pingyao
66,松树,ss,songshu
67,古城,gc,gucheng
68,麻城,mc,macheng
69,蒙自,mz,mengzi
70,渑池,mc,mianchi
71,镇江南,zjn,zhenjiangnan
72,茂名西,mmx,maomingxi
73,南河川,nhc,nanhechuan
74,承德县北,cdxb,chengdexianbei
75,田东北,tdb,tiandongbei
76,包头东,btd,baotoudong
77,高台南,gtn,gaotainan
78,平邑,py,pingyi
79,江都,jd,jiangdou
80,对青山,dqs,duiqingshan
81,榆社,ys,yushe
82,营盘湾,ypw,yingpanwan
83,大营镇,dyz,dayingzhen
84,衡阳东,hyd,hengyangdong
85,图们北,tmb,tumenbei
86,查干特格,cgtg,chagantege
87,乌鲁布铁,wlbt,wulubutie
88,珲春,hc,hunchun
89,龙山北,lsb,longshanbei
90,齐齐哈尔,qqhe,qiqihaer
91,宣城,xc,xuancheng
92,海伦,hl,hailun
93,鹤壁东,hbd,hebidong
94,阜新南,fxn,fuxinnan
95,美岱召,mdz,meidaizhao
96,麻柳,ml,maliu
97,通海,th,tonghai
98,抚远,fy,fuyuan
99,上普雄,spx,shangpuxiong
100,嘉善,js,jiashan
101,下花园,xhy,xiahuayuan
102,泾川,jc,jingchuan
103,长春,zc,zhangchun
104,向阳川,xyc,xiangyangchuan
105,侯马,hm,houma
106,芷江,zj,zhijiang
107,西岭口,xlk,xilingkou
108,三汇镇,shz,sanhuizhen
109,商洛,sl,shangluo
110,桐梓北,tzb,tongzibei
111,余姚北,yyb,yuyaobei
112,芦庙,lm,lumiao
113,上海,sh,shanghai
114,尔赛河,esh,ersaihe
115,阜南,fn,funan
116,冯屯,ft,fengtun
117,高邑,gy,gaoyi
118,界山,js,jieshan
119,阳邑,yy,yangyi
120,柳园南,lyn,liuyuannan
121,阿贵图,agt,aguitu
122,塔尔根,teg,taergen
123,来宾北,lbb,laibinbei
124,道劳杜,dld,daolaodu
125,兴莲,xl,xinglian
126,板塘,bt,bantang
127,琼海,qh,qionghai
128,塔源,ty,tayuan
129,汉口,hk,hankou
130,南头,nt,nantou
131,陆丰,lf,lufeng
132,大陆号,dlh,daluhao
133,枣子林,zzl,zaozilin
134,万州,wz,wanzhou
135,讷尔克气,nekq,neerkeqi
136,端州,dz,duanzhou
137,香坊,xf,xiangfang
138,昆明,km,kunming
139,月亮田,ylt,yueliangtian
140,葛店南,gdn,gediannan
141,聊城,lc,liaocheng
142,美溪,mx,meixi
143,临颍,ly,linying
144,朱石寨,zsz,zhushizhai
145,黄山北,hsb,huangshanbei
146,核桃园,hty,hetaoyuan
147,东港北,dgb,donggangbei
148,宝鸡南,bjn,baojinan
149,青川,qc,qingchuan
150,新肇,xz,xinzhao
151,永嘉,yj,yongjia
152,绥化,sh,suihua
153,利川,lc,lichuan
154,公积坂,gjb,gongjiban
155,定襄,dx,dingxiang
156,成都,cd,chengdou
157,昆阳,ky,kunyang
158,太和东,thd,taihedong
159,福利屯,flt,fulitun
160,巨野,jy,juye
161,石柱县,szx,shizhuxian
162,镇赉,zl,zhenlai
163,低窝铺,dwp,diwopu
164,庙山,ms,miaoshan
165,来宾,lb,laibin
166,长汀镇,ztz,zhangtingzhen
167,南杂木,nzm,nanzamu
168,武当山,wds,wudangshan
169,白城,bc,baicheng
170,晋州,jz,jinzhou
171,乌兰浩特,wlht,wulanhaote
172,始兴,sx,shixing
173,洋河,yh,yanghe
174,洛阳东,lyd,luoyangdong
175,黑山北,hsb,heishanbei
176,隆回,lh,longhui
177,大口屯,dkt,dakoutun
178,海石湾,hsw,haishiwan
179,石家庄,sjz,shijiazhuang
180,新邱,xq,xinqiu
181,王团庄,wtz,wangtuanzhuang
182,广德,gd,guangde
183,通州,tz,tongzhou
184,长坡岭,zpl,zhangpoling
185,双水镇,ssz,shuangshuizhen
186,凌源东,lyd,lingyuandong
187,平顶山,pds,pingdingshan
188,黄村,hc,huangcun
189,鹤北,hb,hebei
190,万乐,wl,wanle
191,五台山,wts,wutaishan
192,安富镇,afz,anfuzhen
193,七台河,qth,qitaihe
194,德令哈,dlh,delingha
195,绅坊,sf,shenfang
196,横沟桥东,hgqd,henggouqiaodong
197,静海,jh,jinghai
198,纸坊东,zfd,zhifangdong
199,定西,dx,dingxi
200,马踏,mt,mata
201,上万,sw,shangwan
202,天镇,tz,tianzhen
203,铜罐驿,tgy,tongguanyi
204,安口窑,aky,ankouyao
205,代县,dx,daixian
206,九台,jt,jiutai
207,娄底南,ldn,loudinan
208,息县,xx,xixian
209,瓦祖,wz,wazu
210,秀英,xy,xiuying
211,鞍山西,asx,anshanxi
212,毕节,bj,bijie
213,邵武,sw,shaowu
214,通渭,tw,tongwei
215,哈尔盖,heg,haergai
216,万年,wn,wannian
217,许昌,xc,xuchang
218,安家,aj,anjia
219,离堆公园,ldgy,liduigongyuan
220,郓城,yc,yuncheng
221,照福铺,zfp,zhaofupu
222,当阳,dy,dangyang
223,永登,yd,yongdeng
224,晋中,jz,jinzhong
225,亚河,yh,yahe
226,柳家庄,ljz,liujiazhuang
227,微子镇,wzz,weizizhen
228,咸阳秦都,xyqd,xianyangqindou
229,查干湖,cgh,chaganhu
230,黑旺,hw,heiwang
231,靖州,jz,jingzhou
232,茂名,mm,maoming
233,吴家川,wjc,wujiachuan
234,万源,wy,wanyuan
235,渑池南,mcn,mianchinan
236,九营,jy,jiuying
237,延吉西,yjx,yanjixi
238,郭家店,gjd,guojiadian
239,抚州东,fzd,fuzhoudong
240,云南驿,yny,yunnanyi
241,文昌,wc,wenchang
242,孝感,xg,xiaogan
243,平关,pg,pingguan
244,五道河,wdh,wudaohe
245,三十家,ssj,sanshijia
246,新平坝,xpb,xinpingba
247,张家川,zjc,zhangjiachuan
248,龙川,lc,longchuan
249,五道沟,wdg,wudaogou
250,大方,df,dafang
251,潼关,tg,tongguan
252,盖州西,gzx,gaizhouxi
253,大方南,dfn,dafangnan
254,二井,ej,erjing
255,成都南,cdn,chengdounan
256,东莞西,dgx,dongguanxi
257,广通北,gtb,guangtongbei
258,霍州东,hzd,huozhoudong
259,青溪,qx,qingxi
260,宁波,nb,ningbo
261,阿房宫,afg,afanggong
262,舒兰,sl,shulan
263,潍坊,wf,weifang
264,温泉寺,wqs,wenquansi
265,滦县,lx,luanxian
266,牙克石,yks,yakeshi
267,商丘,sq,shangqiu
268,黄柏,hb,huangbo
269,龙市,ls,longshi
270,漠河,mh,mohe
271,珠海北,zhb,zhuhaibei
272,娄山关南,lsgn,loushanguannan
273,八方,bf,bafang
274,蛟河,jh,jiaohe
275,威箐,wq,weiqing
276,龙丰,lf,longfeng
277,八苏木,bsm,basumu
278,连山关,lsg,lianshanguan
279,民权北,mqb,minquanbei
280,羊者窝,yzw,yangzhewo
281,衢州,qz,quzhou
282,龙游,ly,longyou
283,三源浦,syp,sanyuanpu
284,哈达阳,hdy,hadayang
285,建宁县北,jnxb,jianningxianbei
286,都匀,dy,douyun
287,崇左,cz,chongzuo
288,淮南东,hnd,huainandong
289,乐昌,lc,lechang
290,三关口,sgk,sanguankou
291,民福寺,mfs,minfusi
292,大旺,dw,dawang
293,三亚,sy,sanya
294,九郎山,jls,jiulangshan
295,揭阳南,jyn,jieyangnan
296,龙口市,lks,longkoushi
297,乌奴耳,wne,wunuer
298,崇州,cz,chongzhou
299,黄石,hs,huangshi
300,乃林,nl,nailin
301,平凉,pl,pingliang
302,八方山,bfs,bafangshan
303,蒲城东,pcd,puchengdong
304,敖汉,ah,aohan
305,雁栖湖,yqh,yanqihu
306,祥云,xy,xiangyun
307,泗县,sx,sixian
308,盖州,gz,gaizhou
309,烟筒山,yts,yantongshan
310,风陵渡,fld,fenglingdu
311,长寿湖,zsh,zhangshouhu
312,元宝山,ybs,yuanbaoshan
313,苇河西,whx,weihexi
314,廊坊,lf,langfang
315,烟筒屯,ytt,yantongtun
316,歙县北,sxb,shexianbei
317,确山,qs,queshan
318,天水南,tsn,tianshuinan
319,天门,tm,tianmen
320,花湖,hh,huahu
321,古田会址,gthz,gutianhuizhi
322,明港东,mgd,minggangdong
323,文登,wd,wendeng
324,千河,qh,qianhe
325,鹰潭北,ytb,yingtanbei
326,北舍,bs,beishe
327,当雄,dx,dangxiong
328,樟树,zs,zhangshu
329,瓦窑田,wyt,wayaotian
330,大阳,dy,dayang
331,小金口,xjk,xiaojinkou
332,岐山,qs,qishan
333,前窑,qy,qianyao
334,革居,gj,geju
335,运城,yc,yuncheng
336,东岔,dc,dongcha
337,西宁,xn,xining
338,兰陵北,llb,lanlingbei
339,大武口,dwk,dawukou
340,西安,xa,xian
341,库都尔,kde,kudouer
342,祁家堡,qjb,qijiabao
343,红山,hs,hongshan
344,无锡新区,wxxq,wuxixinqu
345,上仓,sc,shangcang
346,托克托东,tktd,tuoketuodong
347,丰乐镇,flz,fenglezhen
348,盘州,pz,panzhou
349,花家庄,hjz,huajiazhuang
350,龙井,lj,longjing
351,常平南,cpn,changpingnan
352,莒南,jn,junan
353,新凉,xl,xinliang
354,渭南镇,wnz,weinanzhen
355,长垣,zy,zhangyuan
356,白奎堡,bkb,baikuibao
357,太阳沟,tyg,taiyanggou
358,峻德,jd,junde
359,旗下营,qxy,qixiaying
360,固始,gs,gushi
361,两家,lj,liangjia
362,宁海,nh,ninghai
363,西大庙,xdm,xidamiao
364,镇平,zp,zhenping
365,三江口,sjk,sanjiangkou
366,午汲,wj,wuji
367,下仓,xc,xiacang
368,华家,hj,huajia
369,杨岗,yg,yanggang
370,小河镇,xhz,xiaohezhen
371,清徐,qx,qingxu
372,平房,pf,pingfang
373,太阳山,tys,taiyangshan
374,塔崖驿,tyy,tayayi
375,五常,wc,wuchang
376,和田,ht,hetian
377,闽清北,mqb,minqingbei
378,纪家沟,jjg,jijiagou
379,镇城底,zcd,zhenchengdi
380,虎尔虎拉,hehl,huerhula
381,开福寺,kfs,kaifusi
382,武胜,ws,wusheng
383,三江县,sjx,sanjiangxian
384,攀枝花,pzh,panzhihua
385,石嘴山,szs,shizuishan
386,临沂东,lyd,linyidong
387,长城,zc,zhangcheng
388,宾阳,by,binyang
389,岔江,cj,chajiang
390,甘草店,gcd,gancaodian
391,巴彦高勒,bygl,bayangaole
392,柳毛,lm,liumao
393,贺家店,hjd,hejiadian
394,夏拉哈马,xlhm,xialahama
395,张家口南,zjkn,zhangjiakounan
396,官高,gg,guangao
397,宜良北,ylb,yiliangbei
398,鸟岛,nd,niaodao
399,洋县西,yxx,yangxianxi
400,黄梅,hm,huangmei
401,镇紫街,zzj,zhenzijie
402,轮台,lt,luntai
403,西湖东,xhd,xihudong
404,乌尔旗汗,weqh,wuerqihan
405,榆次,yc,yuci
406,盘锦北,pjb,panjinbei
407,伊通,yt,yitong
408,百里峡,blx,bailixia
409,溧水,ls,lishui
410,沟帮子,gbz,goubangzi
411,三门峡南,smxn,sanmenxianan
412,赵光,zg,zhaoguang
413,谷城,gc,gucheng
414,张维屯,zwt,zhangweitun
415,大雁,dy,dayan
416,霍城,hc,huocheng
417,怀化南,hhn,huaihuanan
418,芦家村,ljc,lujiacun
419,小岭,xl,xiaoling
420,信阳,xy,xinyang
421,恩施,es,enshi
422,涟水,ls,lianshui
423,忠工屯,zgt,zhonggongtun
424,莆田,pt,putian
425,清远,qy,qingyuan
426,禄丰南,lfn,lufengnan
427,金杖子,jzz,jinzhangzi
428,莒县,jx,juxian
429,昌图,ct,changtu
430,赶水东,gsd,ganshuidong
431,滦河沿,lhy,luanheyan
432,南京南,njn,nanjingnan
433,红峰,hf,hongfeng
434,赛乌苏,sws,saiwusu
435,文地,wd,wendi
436,泉阳,qy,quanyang
437,二龙,el,erlong
438,上板城,sbc,shangbancheng
439,吴官田,wgt,wuguantian
440,统军庄,tjz,tongjunzhuang
441,新安县,xax,xinanxian
442,祁县,qx,qixian
443,蕉溪,jx,jiaoxi
444,石家庄东,sjzd,shijiazhuangdong
445,叶城,yc,yecheng
446,小得江,xdj,xiaodejiang
447,景德镇,jdz,jingdezhen
448,岔河,ch,chahe
449,吉文,jw,jiwen
450,青龙,ql,qinglong
451,宜宾南,ybn,yibinnan
452,茂舍祖,msz,maoshezu
453,缙云,jy,jinyun
454,黄磏,hl,huanglian
455,太白,tb,taibai
456,兴文,xw,xingwen
457,宿州东,szd,suzhoudong
458,沈丘,sq,shenqiu
459,戚墅堰,qsy,qishuyan
460,前进镇,qjz,qianjinzhen
461,卓资东,zzd,zhuozidong
462,准格尔,zge,zhungeer
463,哈业胡同,hyht,hayehutong
464,朱杨溪,zyx,zhuyangxi
465,朝天南,ctn,chaotiannan
466,共青城,gqc,gongqingcheng
467,井店,jd,jingdian
468,南大庙,ndm,nandamiao
469,博克图,bkt,boketu
470,康金井,kjj,kangjinjing
471,广元,gy,guangyuan
472,宁东,nd,ningdong
473,兴隆镇,xlz,xinglongzhen
474,吐哈,th,tuha
475,蔡家坡,cjp,caijiapo
476,范镇,fz,fanzhen
477,桥湾,qw,qiaowan
478,双洋,sy,shuangyang
479,宣威,xw,xuanwei
480,阿拉山口,alsk,alashankou
481,德安,da,dean
482,朝阳,cy,chaoyang
483,图里河,tlh,tulihe
484,马龙,ml,malong
485,天津西,tjx,tianjinxi
486,蔺家楼,ljl,linjialou
487,武威南,wwn,wuweinan
488,江华,jh,jianghua
489,北京南,bjn,beijingnan
490,广安南,gan,guangannan
491,蚌埠,bb,bangbu
492,白银市,bys,baiyinshi
493,威岭,wl,weiling
494,蒙自北,mzb,mengzibei
495,额济纳,ejn,ejina
496,白河东,bhd,baihedong
497,句容西,jrx,jurongxi
498,牡丹江,mdj,mudanjiang
499,大冶北,dyb,dayebei
500,源潭,yt,yuantan
501,滁州北,czb,chuzhoubei
502,富锦,fj,fujin
503,东海,dh,donghai
504,乐昌东,lcd,lechangdong
505,黎城,lc,licheng
506,大战场,dzc,dazhanchang
507,响水县,xsx,xiangshuixian
508,普安,pa,puan
509,尚家,sj,shangjia
510,二连,el,erlian
511,千岛湖,qdh,qiandaohu
512,霸州西,bzx,bazhouxi
513,苇河,wh,weihe
514,李市镇,lsz,lishizhen
515,福州南,fzn,fuzhounan
516,灵璧,lb,lingbi
517,罗江东,ljd,luojiangdong
518,普宁,pn,puning
519,白桦排,bhp,baihuapai
520,米脂,mz,mizhi
521,永城北,ycb,yongchengbei
522,普定,pd,puding
523,莫尔道嘎,medg,moerdaoga
524,淮北,hb,huaibei
525,瑞安,ra,ruian
526,奉化,fh,fenghua
527,长汀南,ztn,zhangtingnan
528,华山,hs,huashan
529,刘家河,ljh,liujiahe
530,野三坡,ysp,yesanpo
531,通辽,tl,tongliao
532,四平,sp,siping
533,锡铁山,xts,xitieshan
534,都匀东,dyd,douyundong
535,三门峡,smx,sanmenxia
536,焦作,jz,jiaozuo
537,库伦,kl,kulun
538,隆安东,lad,longandong
539,茅草坪,mcp,maocaoping
540,皮口,pk,pikou
541,小榆树,xys,xiaoyushu
542,中宁,zn,zhongning
543,枣阳,zy,zaoyang
544,丰水村,fsc,fengshuicun
545,达连河,dlh,dalianhe
546,运城北,ycb,yunchengbei
547,南宁,nn,nanning
548,庙庄,mz,miaozhuang
549,松山湖北,sshb,songshanhubei
550,柳沟,lg,liugou
551,将乐,jl,jiangle
552,瓦房店西,wfdx,wafangdianxi
553,程家,cj,chengjia
554,喀喇其,klq,kalaqi
555,阜新,fx,fuxin
556,闹海营,nhy,naohaiying
557,卓资山,zzs,zhuozishan
558,十渡,sd,shidu
559,宁乡,nx,ningxiang
560,佳木斯,jms,jiamusi
561,丰城东,fcd,fengchengdong
562,尖山,js,jianshan
563,邵阳西,syx,shaoyangxi
564,哈尔滨西,hebx,haerbinxi
565,红砂岘,hsx,hongshaxian
566,绩溪县,jxx,jixixian
567,石岭,sl,shiling
568,大石头南,dstn,dashitounan
569,怀化,hh,huaihua
570,大坝,db,daba
571,三都县,sdx,sandouxian
572,菏泽,hz,heze
573,威海北,whb,weihaibei
574,淮南,hn,huainan
575,亚龙湾,ylw,yalongwan
576,沈丘北,sqb,shenqiubei
577,元氏,ys,yuanshi
578,兴隆县,xlx,xinglongxian
579,达坂城,dbc,dabancheng
580,柳河,lh,liuhe
581,城子坦,czt,chengzitan
582,靖边,jb,jingbian
583,柴河,ch,chaihe
584,梅州西,mzx,meizhouxi
585,大板,db,daban
586,阿克陶,akt,aketao
587,烟台南,ytn,yantainan
588,漯河西,lhx,luohexi
589,开平南,kpn,kaipingnan
590,沙沱,st,shatuo
591,小儿坪,xep,xiaoerping
592,沙岭,sl,shaling
593,歪头山,wts,waitoushan
594,源迁,yq,yuanqian
595,余杭,yh,yuhang
596,库车,kc,kuche
597,松江南,sjn,songjiangnan
598,荆州,jz,jingzhou
599,乌鲁木齐南,wlmqn,wulumuqinan
600,大山铺,dsp,dashanpu
601,韦庄,wz,weizhuang
602,带岭,dl,dailing
603,京山,js,jingshan
604,乌兰哈达,wlhd,wulanhada
605,中寨,zz,zhongzhai
606,西峡,xx,xixia
607,潘家店,pjd,panjiadian
608,靖远,jy,jingyuan
609,潼南,tn,tongnan
610,杜拉尔,dle,dulaer
611,汤逊湖,txh,tangxunhu
612,罗城,lc,luocheng
613,黎塘,lt,litang
614,麻城北,mcb,machengbei
615,古城镇,gcz,guchengzhen
616,大林,dl,dalin
617,温江,wj,wenjiang
618,新民北,xmb,xinminbei
619,婺源,wy,wuyuan
620,深圳东,szd,shenzhendong
621,草海,ch,caohai
622,阿金,aj,ajin
623,草河口,chk,caohekou
624,鄠邑,hy,huyi
625,即墨北,jmb,jimobei
626,佛坪,fp,foping
627,镇远,zy,zhenyuan
628,旌德,jd,jingde
629,保定东,bdd,baodingdong
630,漯河,lh,luohe
631,新化,xh,xinhua
632,通道,td,tongdao
633,莲江口,ljk,lianjiangkou
634,果松,gs,guosong
635,遂宁,sn,suining
636,邓家湾,djw,dengjiawan
637,玉门,ym,yumen
638,济南西,jnx,jinanxi
639,公营子,gyz,gongyingzi
640,綦江,qj,qijiang
641,苏家屯,sjt,sujiatun
642,白马,bm,baima
643,崖州,yz,yazhou
644,吉新河,jxh,jixinhe
645,阜阳,fy,fuyang
646,察尔汗,ceh,chaerhan
647,大埔,dp,dapu
648,平原,py,pingyuan
649,高山子,gsz,gaoshanzi
650,衡水北,hsb,hengshuibei
651,亚布力西,yblx,yabulixi
652,歙县,sx,shexian
653,明城,mc,mingcheng
654,下马塘,xmt,xiamatang
655,永安乡,yax,yonganxiang
656,孝南,xn,xiaonan
657,尖峰,jf,jianfeng
658,新华,xh,xinhua
659,延平西,ypx,yanpingxi
660,三江南,sjn,sanjiangnan
661,瓦窑坝,wyb,wayaoba
662,宿松,ss,susong
663,四会,sh,sihui
664,槐荫,hy,huaiyin
665,通安驿,tay,tonganyi
666,邳州,pz,pizhou
667,茨冲,cc,cichong
668,株洲南,zzn,zhuzhounan
669,威海,wh,weihai
670,东丰,df,dongfeng
671,曲江,qj,qujiang
672,陶思浩,tsh,taosihao
673,春申,cs,chunshen
674,容桂,rg,ronggui
675,精河南,jhn,jinghenan
676,到保,db,daobao
677,平庄北,pzb,pingzhuangbei
678,通远堡西,tybx,tongyuanbaoxi
679,宜宾,yb,yibin
680,温岭,wl,wenling
681,美兰,ml,meilan
682,沙河市,shs,shaheshi
683,饶平,rp,raoping
684,崇信,cx,chongxin
685,汤原,ty,tangyuan
686,上板城南,sbcn,shangbanchengnan
687,绩溪北,jxb,jixibei
688,老莱,ll,laolai
689,郁山,ys,yushan
690,树木岭,sml,shumuling
691,草市,cs,caoshi
692,青水山,qss,qingshuishan
693,普者黑,pzh,puzhehei
694,东乡,dx,dongxiang
695,前山,qs,qianshan
696,大堡,db,dabao
697,七龙星,qlx,qilongxing
698,荷塘,ht,hetang
699,完工,wg,wangong
700,景德镇北,jdzb,jingdezhenbei
701,大扬气,dyq,dayangqi
702,福安,fa,fuan
703,平台,pt,pingtai
704,仙林,xl,xianlin
705,延吉,yj,yanji
706,小市,xs,xiaoshi
707,古家沱,gjt,gujiatuo
708,六枝,lz,liuzhi
709,枝城,zc,zhicheng
710,绥阳,sy,suiyang
711,东庄,dz,dongzhuang
712,南江,nj,nanjiang
713,经棚,jp,jingpeng
714,德惠西,dhx,dehuixi
715,小东,xd,xiaodong
716,铁厂沟,tcg,tiechanggou
717,沈家河,sjh,shenjiahe
718,双龙湖,slh,shuanglonghu
719,阜宁东,fnd,funingdong
720,清河城,qhc,qinghecheng
721,东湾,dw,dongwan
722,富阳,fy,fuyang
723,中山,zs,zhongshan
724,福临堡,flb,fulinbao
725,双丰,sf,shuangfeng
726,孙吴,sw,sunwu
727,沙海,sh,shahai
728,胜利镇,slz,shenglizhen
729,武功,wg,wugong
730,朝阳湖,cyh,chaoyanghu
731,海口东,hkd,haikoudong
732,绿化,lh,lu:hua
733,迁安,qa,qianan
734,长沙西,zsx,zhangshaxi
735,哈达,hd,hada
736,苏州园区,szyq,suzhouyuanqu
737,横道河子东,hdhzd,hengdaohezidong
738,阳曲西,yqx,yangquxi
739,合阳北,hyb,heyangbei
740,安平,ap,anping
741,新县,xx,xinxian
742,兴国,xg,xingguo
743,洛阳龙门,lylm,luoyanglongmen
744,鸡东,jd,jidong
745,杭锦旗,hjq,hangjinqi
746,高台,gt,gaotai
747,濮阳,py,puyang
748,五通,wt,wutong
749,新乡东,xxd,xinxiangdong
750,渡市,ds,dushi
751,蓬安,pa,pengan
752,日照西,rzx,rizhaoxi
753,安庆,aq,anqing
754,邵东,sd,shaodong
755,南岔,nc,nancha
756,加劳,jl,jialao
757,四合永,shy,siheyong
758,石林南,sln,shilinnan
759,梁山,ls,liangshan
760,安广,ag,anguang
761,开化,kh,kaihua
762,杭州,hz,hangzhou
763,亚布力,ybl,yabuli
764,平坝南,pbn,pingbanan
765,子长,zz,zizhang
766,忙罕屯,mht,manghantun
767,金寨,jz,jinzhai
768,于都,yd,yudou
769,金宝屯,jbt,jinbaotun
770,泗阳,sy,siyang
771,什里店,sld,shenlidian
772,岑溪,cx,cenxi
773,白银哈尔,byhe,baiyinhaer
774,岢岚,kl,kelan
775,大明湖,dmh,daminghu
776,甲猫,jm,jiamao
777,团结,tj,tuanjie
778,顺德学院,sdxy,shundexueyuan
779,潞城,lc,lucheng
780,柳林南,lln,liulinnan
781,光山,gs,guangshan
782,徐家店,xjd,xujiadian
783,汇塘河,hth,huitanghe
784,辰清,cq,chenqing
785,周家,zj,zhoujia
786,新郑机场,xzjc,xinzhengjichang
787,安康,ak,ankang
788,柳州,lz,liuzhou
789,和静,hj,hejing
790,向阳,xy,xiangyang
791,石门村,smc,shimencun
792,成吉思汗,cjsh,chengjisihan
793,范家屯,fjt,fanjiatun
794,军粮城北,jlcb,junliangchengbei
795,石门坎,smk,shimenkan
796,陵水,ls,lingshui
797,营口,yk,yingkou
798,驻马店西,zmdx,zhumadianxi
799,民乐,ml,minle
800,安仁,ar,anren
801,老营,ly,laoying
802,无为,ww,wuwei
803,枣林,zl,zaolin
804,苏州新区,szxq,suzhouxinqu
805,涿州东,zzd,zhuozhoudong
806,萍乡北,pxb,pingxiangbei
807,宁德,nd,ningde
808,太原东,tyd,taiyuandong
809,沥林北,llb,lilinbei
810,双流西,slx,shuangliuxi
811,坡底下,pdx,podixia
812,萧县,xx,xiaoxian
813,彭阳,py,pengyang
814,景泰,jt,jingtai
815,东莞东,dgd,dongguandong
816,嘉祥,jx,jiaxiang
817,张辛,zx,zhangxin
818,梅江,mj,meijiang
819,南峪,ny,nanyu
820,金山北,jsb,jinshanbei
821,南峧,nj,nanjiao
822,江门东,jmd,jiangmendong
823,商都,sd,shangdou
824,叶榭,yx,yexie
825,砀山,ds,dangshan
826,西丰,xf,xifeng
827,塔尔气,teq,taerqi
828,营口东,ykd,yingkoudong
829,金山卫,jsw,jinshanwei
830,长临河,zlh,zhanglinhe
831,苏尼特左旗,sntzq,sunitezuoqi
832,嘉峪关南,jygn,jiayuguannan
833,潮阳,cy,chaoyang
834,克山,ks,keshan
835,南张村,nzc,nanzhangcun
836,瓜州,gz,guazhou
837,海北,hb,haibei
838,关林,gl,guanlin
839,太姥山,tls,tailaoshan
840,葫芦岛北,hldb,huludaobei
841,双城北,scb,shuangchengbei
842,东京城,djc,dongjingcheng
843,尼勒克,nlk,nileke
844,西渡,xd,xidu
845,开原,ky,kaiyuan
846,艾不盖,abg,aibugai
847,北京大兴,bjdx,beijingdaxing
848,马兰,ml,malan
849,唐山北,tsb,tangshanbei
850,唐海南,thn,tanghainan
851,羊尾哨,yws,yangweishao
852,漳浦,zp,zhangpu
853,全椒,qj,quanjiao
854,阿里河,alh,alihe
855,临江,lj,linjiang
856,双凤驿,sfy,shuangfengyi
857,吉林,jl,jilin
858,深井子,sjz,shenjingzi
859,海安县,hax,haianxian
860,松江,sj,songjiang
861,郯城,tc,tancheng
862,牛家,nj,niujia
863,怀柔北,hrb,huairoubei
864,潍坊北,wfb,weifangbei
865,博鳌,ba,boao
866,昭通北,ztb,zhaotongbei
867,加南,jn,jianan
868,巩义南,gyn,gongyinan
869,聂河,nh,niehe
870,紫荆关,zjg,zijingguan
871,都昌,dc,douchang
872,涞源,ly,laiyuan
873,临汾,lf,linfen
874,崔黄口,chk,cuihuangkou
875,西乌旗,xwq,xiwuqi
876,洪河,hh,honghe
877,林西,lx,linxi
878,茂林,ml,maolin
879,西平,xp,xiping
880,赫尔洪得,hehd,heerhongde
881,新晃西,xhx,xinhuangxi
882,临沂,ly,linyi
883,昌图西,ctx,changtuxi
884,赤壁北,cbb,chibibei
885,祁门,qm,qimen
886,寒葱沟,hcg,hanconggou
887,邹平,zp,zouping
888,加格达奇,jgdq,jiagedaqi
889,蓟州,jz,jizhou
890,兴城,xc,xingcheng
891,新和,xh,xinhe
892,百宜,by,baiyi
893,如东,rd,rudong
894,资中北,zzb,zizhongbei
895,天柱山,tzs,tianzhushan
896,西乡,xx,xixiang
897,星朗,xl,xinglang
898,满洲里,mzl,manzhouli
899,荣昌北,rcb,rongchangbei
900,温州,wz,wenzhou
901,天棚,tp,tianpeng
902,宏庆,hq,hongqing
903,涟源,ly,lianyuan
904,广南卫,gnw,guangnanwei
905,光泽,gz,guangze
906,岩山,ys,yanshan
907,阿勒泰,alt,aletai
908,黄冈西,hgx,huanggangxi
909,南阳寨,nyz,nanyangzhai
910,大兴机场,dxjc,daxingjichang
911,楚鲁图,clt,chulutu
912,淮南南,hnn,huainannan
913,辰溪,cx,chenxi
914,阳平关,ypg,yangpingguan
915,樟木头,zmt,zhangmutou
916,麻尾,mw,mawei
917,羊草,yc,yangcao
918,花园口,hyk,huayuankou
919,大荔北,dlb,dalibei
920,锦界,jj,jinjie
921,青州市,qzs,qingzhoushi
922,临河,lh,linhe
923,松河,sh,songhe
924,昭通南,ztn,zhaotongnan
925,陆良,ll,luliang
926,苏州,sz,suzhou
927,一面坡北,ympb,yimianpobei
928,王场,wc,wangchang
929,朱家窑,zjy,zhujiayao
930,西贺村,xhc,xihecun
931,麻山,ms,mashan
932,孙镇,sz,sunzhen
933,漳州,zz,zhangzhou
934,乾县,qx,qianxian
935,新津南,xjn,xinjinnan
936,红彦,hy,hongyan
937,磨刀石,mds,modaoshi
938,德州,dz,dezhou
939,宣汉,xh,xuanhan
940,恭城,gc,gongcheng
941,金河,jh,jinhe
942,凭祥,px,pingxiang
943,贵定,gd,guiding
944,青州市北,qzsb,qingzhoushibei
945,福泉,fq,fuquan
946,滥坝,lb,lanba
947,平田,pt,pingtian
948,莱西北,lxb,laixibei
949,娄底,ld,loudi
950,临泉,lq,linquan
951,顺义,sy,shunyi
952,贵阳北,gyb,guiyangbei
953,祁阳,qy,qiyang
954,桂林西,glx,guilinxi
955,二道沙河,edsh,erdaoshahe
956,玉林,yl,yulin
957,凌海,lh,linghai
958,德清,dq,deqing
959,博尔塔拉,betl,boertala
960,石人,sr,shiren
961,黄石北,hsb,huangshibei
962,太平川,tpc,taipingchuan
963,滨海港,bhg,binhaigang
964,二道湾,edw,erdaowan
965,燕山,ys,yanshan
966,常山,cs,changshan
967,大西,dx,daxi
968,新立屯,xlt,xinlitun
969,黔西,qx,qianxi
970,洪洞,hd,hongdong
971,韶山南,ssn,shaoshannan
972,禹城,yc,yucheng
973,洞井,dj,dongjing
974,新坪田,xpt,xinpingtian
975,建瓯,jo,jianou
976,临泽,lz,linze
977,枫林,fl,fenglin
978,海口,hk,haikou
979,新寒岭,xhl,xinhanling
980,和硕,hs,heshuo
981,景州,jz,jingzhou
982,兴和北,xhb,xinghebei
983,碱柜,jj,jianju
984,安德,ad,ande
985,涵江,hj,hanjiang
986,义马,ym,yima
987,南充北,ncb,nanchongbei
988,商丘南,sqn,shangqiunan
989,大安北,dab,daanbei
990,小寺沟,xsg,xiaosigou
991,许昌东,xcd,xuchangdong
992,裴德,pd,peide
993,松江镇,sjz,songjiangzhen
994,岫岩,xy,xiuyan
995,西岗子,xgz,xigangzi
996,南湖东,nhd,nanhudong
997,安达,ad,anda
998,天祝,tz,tianzhu
999,高家村,gjc,gaojiacun
1000,江门,jm,jiangmen
1001,灌水,gs,guanshui
1002,娘子关,nzg,niangziguan
1003,榕江,rj,rongjiang
1004,榆中,yz,yuzhong
1005,苍溪,cx,cangxi
1006,铜仁,tr,tongren
1007,承德东,cdd,chengdedong
1008,依兰,yl,yilan
1009,双辽,sl,shuangliao
1010,白文东,bwd,baiwendong
1011,乌兰察布,wlcb,wulanchabu
1012,襄阳,xy,xiangyang
1013,白音华南,byhn,baiyinhuanan
1014,免渡河,mdh,mianduhe
1015,亳州,bz,bozhou
1016,玉石,ys,yushi
1017,背荫河,byh,beiyinhe
1018,哈克,hk,hake
1019,宝老山,bls,baolaoshan
1020,临高南,lgn,lingaonan
1021,兰棱,ll,lanleng
1022,融安,ra,rongan
1023,狮山北,ssb,shishanbei
1024,吐鲁番北,tlfb,tulufanbei
1025,元田坝,ytb,yuantianba
1026,定州,dz,dingzhou
1027,泰和,th,taihe
1028,台安,ta,taian
1029,盘关,pg,panguan
1030,窑上,ys,yaoshang
1031,英吉沙,yjs,yingjisha
1032,观音机场,gyjc,guanyinjichang
1033,吉安西,jax,jianxi
1034,珠海,zh,zhuhai
1035,姚千户屯,yqht,yaoqianhutun
1036,丽水,ls,lishui
1037,武夷山,wys,wuyishan
1038,朝天,ct,chaotian
1039,下城子,xcz,xiachengzi
1040,亚布力南,ybln,yabulinan
1041,蜀河,sh,shuhe
1042,酒泉,jq,jiuquan
1043,两当,ld,liangdang
1044,泊头,bt,botou
1045,亭亮,tl,tingliang
1046,余姚,yy,yuyao
1047,德日斯图,drst,derisitu
1048,天河街,thj,tianhejie
1049,白沙,bs,baisha
1050,南丰,nf,nanfeng
1051,杨树岭,ysl,yangshuling
1052,双峰北,sfb,shuangfengbei
1053,阿城北,acb,achengbei
1054,门源,my,menyuan
1055,毛陈,mc,maochen
1056,赣县北,gxb,ganxianbei
1057,福海,fh,fuhai
1058,灯塔,dt,dengta
1059,南丹,nd,nandan
1060,宜州,yz,yizhou
1061,绥中北,szb,suizhongbei
1062,临海,lh,linhai
1063,丽江,lj,lijiang
1064,白沟,bg,baigou
1065,宋城路,scl,songchenglu
1066,嵩明,sm,songming
1067,阳新,yx,yangxin
1068,绵阳,my,mianyang
1069,长武,zw,zhangwu
1070,雷州,lz,leizhou
1071,白河,bh,baihe
1072,郑州西,zzx,zhengzhouxi
1073,普湾,pw,puwan
1074,伊图里河,ytlh,yitulihe
1075,德仁,dr,deren
1076,陇南,ln,longnan
1077,白泉,bq,baiquan
1078,沙马拉达,smld,shamalada
1079,铁力,tl,tieli
1080,忻州西,xzx,xinzhouxi
1081,平旺,pw,pingwang
1082,大英东,dyd,dayingdong
1083,长宁,zn,zhangning
1084,四道湾,sdw,sidaowan
1085,重庆北,zqb,zhongqingbei
1086,达州,dz,dazhou
1087,平昌,pc,pingchang
1088,梅州,mz,meizhou
1089,双鸭山,sys,shuangyashan
1090,辽中,lz,liaozhong
1091,雁石南,ysn,yanshinan
1092,宝清,bq,baoqing
1093,丹阳北,dyb,danyangbei
1094,张家界,zjj,zhangjiajie
1095,岳池,yc,yuechi
1096,怀仁东,hrd,huairendong
1097,大足南,dzn,dazunan
1098,威信,wx,weixin
1099,古浪,gl,gulang
1100,渭源,wy,weiyuan
1101,延平东,ypd,yanpingdong
1102,灵石,ls,lingshi
1103,车墩,cd,chedun
1104,南翔北,nxb,nanxiangbei
1105,新干东,xgd,xingandong
1106,王安镇,waz,wanganzhen
1107,水富,sf,shuifu
1108,东方红,dfh,dongfanghong
1109,沧州,cz,cangzhou
1110,芦台,lt,lutai
1111,溆浦南,xpn,xupunan
1112,临泽南,lzn,linzenan
1113,当涂东,dtd,dangtudong
1114,梁平,lp,liangping
1115,新窝铺,xwp,xinwopu
1116,福州,fz,fuzhou
1117,孟家岗,mjg,mengjiagang
1118,内江南,njn,neijiangnan
1119,治安,za,zhian
1120,花楼坝,hlb,hualouba
1121,河口北,hkb,hekoubei
1122,倭肯,wk,woken
1123,岱岳,dy,daiyue
1124,丰顺东,fsd,fengshundong
1125,通北,tb,tongbei
1126,褚家湾,cjw,chujiawan
1127,平阳,py,pingyang
1128,通化,th,tonghua
1129,龙山镇,lsz,longshanzhen
1130,沙坪坝,spb,shapingba
1131,宝鸡,bj,baoji
1132,长河碥,zhb,zhanghebian
1133,偃师,ys,yanshi
1134,桃映,ty,taoying
1135,锡林呼都嘎,xlhdg,xilinhudouga
1136,安亭北,atb,antingbei
1137,偏岭,pl,pianling
1138,钟山西,zsx,zhongshanxi
1139,乌兰胡同,wlht,wulanhutong
1140,清原,qy,qingyuan
1141,宝丰,bf,baofeng
1142,克东,kd,kedong
1143,邯郸,hd,handan
1144,黄山,hs,huangshan
1145,南京,nj,nanjing
1146,金州,jz,jinzhou
1147,阳春,yc,yangchun
1148,甘旗卡,gqk,ganqika
1149,长发屯,zft,zhangfatun
1150,丰广,fg,fengguang
1151,武义北,wyb,wuyibei
1152,七苏木,qsm,qisumu
1153,丰城南,fcn,fengchengnan
1154,陇县,lx,longxian
1155,下板城,xbc,xiabancheng
1156,流水沟,lsg,liushuigou
1157,重庆,zq,zhongqing
1158,石人城,src,shirencheng
1159,索伦,sl,suolun
1160,凌源,ly,lingyuan
1161,吐列毛杜,tlmd,tuliemaodu
1162,深圳北,szb,shenzhenbei
1163,漫流河,mlh,manliuhe
1164,融水,rs,rongshui
1165,临清,lq,linqing
1166,建昌,jc,jianchang
1167,福清,fq,fuqing
1168,南仇,nc,nanchou
1169,张兰,zl,zhanglan
1170,瓦房店,wfd,wafangdian
1171,渭南西,wnx,weinanxi
1172,汤阴,ty,tangyin
1173,互助,hz,huzhu
1174,遂平,sp,suiping
1175,葫芦岛,hld,huludao
1176,辽源,ly,liaoyuan
1177,五棵树,wks,wukeshu
1178,观沙岭,gsl,guanshaling
1179,山海关,shg,shanhaiguan
1180,河口南,hkn,hekounan
1181,月山,ys,yueshan
1182,淄博北,zbb,zibobei
1183,山坡东,spd,shanpodong
1184,桑根达来,sgdl,sanggendalai
1185,向塘,xt,xiangtang
1186,顺德,sd,shunde
1187,永定,yd,yongding
1188,长寿,zs,zhangshou
1189,漳平西,zpx,zhangpingxi
1190,建阳,jy,jianyang
1191,大庆西,dqx,daqingxi
1192,修武西,xwx,xiuwuxi
1193,富裕,fy,fuyu
1194,阳澄湖,ych,yangchenghu
1195,巢湖东,chd,chaohudong
1196,石泉县,sqx,shiquanxian
1197,永安南,yan,yongannan
1198,发耳,fe,faer
1199,七营,qy,qiying
1200,台山,ts,taishan
1201,泾县,jx,jingxian
1202,海城西,hcx,haichengxi
1203,李子沟,lzg,lizigou
1204,孤山口,gsk,gushankou
1205,鞍山,as,anshan
1206,西昌南,xcn,xichangnan
1207,宁东南,ndn,ningdongnan
1208,建三江,jsj,jiansanjiang
1209,新晃,xh,xinhuang
1210,阳泉北,yqb,yangquanbei
1211,绥棱,sl,suileng
1212,超梁沟,clg,chaolianggou
1213,东光,dg,dongguang
1214,黄羊镇,hyz,huangyangzhen
1215,惠安,ha,huian
1216,吉首,js,jishou
1217,鄂州东,ezd,ezhoudong
1218,常州,cz,changzhou
1219,临湘,lx,linxiang
1220,酒泉南,jqn,jiuquannan
1221,白涛,bt,baitao
1222,古东,gd,gudong
1223,福山口,fsk,fushankou
1224,青莲,ql,qinglian
1225,瓢儿屯,pet,piaoertun
1226,新固镇,xgz,xinguzhen
1227,凤凰机场,fhjc,fenghuangjichang
1228,繁峙,fz,fanzhi
1229,红旗营,hqy,hongqiying
1230,遂溪,sx,suixi
1231,高密北,gmb,gaomibei
1232,孔垄,kl,konglong
1233,元龙,yl,yuanlong
1234,廉江,lj,lianjiang
1235,青县,qx,qingxian
1236,奈曼,nm,naiman
1237,三原,sy,sanyuan
1238,南平市,nps,nanpingshi
1239,燕子砭,yzb,yanzibian
1240,白涧,bj,baijian
1241,包头,bt,baotou
1242,连珠山,lzs,lianzhushan
1243,永寿,ys,yongshou
1244,怀集,hj,huaiji
1245,陶赖昭,tlz,taolaizhao
1246,龙南,ln,longnan
1247,都格,dg,douge
1248,鹤壁,hb,hebi
1249,襄垣,xy,xiangyuan
1250,东兴,dx,dongxing
1251,土牧尔台,tmet,tumuertai
1252,济南东,jnd,jinandong
1253,巴彦郭勒,bygl,bayanguole
1254,商南,sn,shangnan
1255,临江场,ljc,linjiangchang
1256,新绰源,xcy,xinchuoyuan
1257,河津,hj,hejin
1258,大盘石,dps,dapanshi
1259,锦州南,jzn,jinzhounan
1260,葛根庙,ggm,gegenmiao
1261,八面通,bmt,bamiantong
1262,长沙,zs,zhangsha
1263,驼腰岭,tyl,tuoyaoling
1264,青岛北,qdb,qingdaobei
1265,黄流,hl,huangliu
1266,毛坝,mb,maoba
1267,南宁西,nnx,nanningxi
1268,扶沟南,fgn,fugounan
1269,铁厂,tc,tiechang
1270,朝阳南,cyn,chaoyangnan
1271,尚志,sz,shangzhi
1272,徐州东,xzd,xuzhoudong
1273,呼和浩特东,hhhtd,huhehaotedong
1274,塔哈,th,taha
1275,城固北,cgb,chenggubei
1276,仙桃西,xtx,xiantaoxi
1277,松滋,sz,songzi
1278,吕梁,ll,lu:liang
1279,乌海西,whx,wuhaixi
1280,厦门,sm,shamen
1281,弯道,wd,wandao
1282,丹东,dd,dandong
1283,谷山,gs,gushan
1284,独山,ds,dushan
1285,阳曲,yq,yangqu
1286,尤溪,yx,youxi
1287,田阳,ty,tianyang
1288,德保,db,debao
1289,长治,zz,zhangzhi
1290,颍上,ys,yingshang
1291,樟树东,zsd,zhangshudong
1292,繁昌西,fcx,fanchangxi
1293,二营,ey,erying
1294,朱家沟,zjg,zhujiagou
1295,襄汾西,xfx,xiangfenxi
1296,水泉,sq,shuiquan
1297,沂南,yn,yinan
1298,榆树屯,yst,yushutun
1299,乐武,lw,lewu
1300,通化县,thx,tonghuaxian
1301,许家屯,xjt,xujiatun
1302,古源,gy,guyuan
1303,大竹园,dzy,dazhuyuan
1304,银浪,yl,yinlang
1305,察素齐,csq,chasuqi
1306,昆山,ks,kunshan
1307,峨眉,em,emei
1308,榆树沟,ysg,yushugou
1309,蓬溪,px,pengxi
1310,常平,cp,changping
1311,滁州,cz,chuzhou
1312,三营,sy,sanying
1313,明安,ma,mingan
1314,郑州,zz,zhengzhou
1315,开阳,ky,kaiyang
1316,登沙河,dsh,dengshahe
1317,联合乡,lhx,lianhexiang
1318,兖州,yz,yanzhou
1319,格尔木,gem,geermu
1320,文登东,wdd,wendengdong
1321,天河机场,thjc,tianhejichang
1322,开封北,kfb,kaifengbei
1323,常庄,cz,changzhuang
1324,大安,da,daan
1325,古交,gj,gujiao
1326,双流机场,sljc,shuangliujichang
1327,遵义南,zyn,zunyinan
1328,韩府湾,hfw,hanfuwan
1329,狮山,ss,shishan
1330,毛坝关,mbg,maobaguan
1331,铁口,tk,tiekou
1332,福鼎,fd,fuding
1333,嘉善南,jsn,jiashannan
1334,沁县,qx,qinxian
1335,阳朔,ys,yangshuo
1336,定边,db,dingbian
1337,保定,bd,baoding
1338,新高峰,xgf,xingaofeng
1339,从江,cj,congjiang
1340,珞璜南,lhn,luohuangnan
1341,水洋,sy,shuiyang
1342,鄄城,jc,juancheng
1343,涉县,sx,shexian
1344,海门,hm,haimen
1345,东至,dz,dongzhi
1346,峰高铺,fgp,fenggaopu
1347,桃村,tc,taocun
1348,阿尔山,aes,aershan
1349,帽儿山,mes,maoershan
1350,穆棱,ml,muleng
1351,滩头,tt,tantou
1352,水洞,sd,shuidong
1353,枝江北,zjb,zhijiangbei
1354,娄烦,lf,loufan
1355,高村,gc,gaocun
1356,包头北,btb,baotoubei
1357,广南县,gnx,guangnanxian
1358,井南,jn,jingnan
1359,武昌,wc,wuchang
1360,董家口,djk,dongjiakou
1361,南湾子,nwz,nanwanzi
1362,深圳,sz,shenzhen
1363,齐河,qh,qihe
1364,石桥子,sqz,shiqiaozi
1365,通远堡,tyb,tongyuanbao
1366,金沟屯,jgt,jingoutun
1367,汕头,st,shantou
1368,白沙铺,bsp,baishapu
1369,凤台南,ftn,fengtainan
1370,横江,hj,hengjiang
1371,平原堡,pyb,pingyuanbao
1372,二龙山屯,elst,erlongshantun
1373,张家口,zjk,zhangjiakou
1374,集宁南,jnn,jiningnan
1375,公庙子,gmz,gongmiaozi
1376,文水,ws,wenshui
1377,五原,wy,wuyuan
1378,平果,pg,pingguo
1379,大红旗,dhq,dahongqi
1380,兴安岭,xal,xinganling
1381,新场,xc,xinchang
1382,牛庄,nz,niuzhuang
1383,黄州,hz,huangzhou
1384,定远,dy,dingyuan
1385,贵港,gg,guigang
1386,三家寨,sjz,sanjiazhai
1387,伊敏,ym,yimin
1388,黑水,hs,heishui
1389,海阳,hy,haiyang
1390,新李,xl,xinli
1391,五莲,wl,wulian
1392,云居寺,yjs,yunjusi
1393,宝拉格,blg,baolage
1394,桂林,gl,guilin
1395,昌平北,cpb,changpingbei
1396,岩会,yh,yanhui
1397,打羊,dy,dayang
1398,七甸,qd,qidian
1399,惠山,hs,huishan
1400,杏树屯,xst,xingshutun
1401,邢台,xt,xingtai
1402,应县,yx,yingxian
1403,贲红,bh,bihong
1404,图们,tm,tumen
1405,十八台,sbt,shibatai
1406,马鞍山,mas,maanshan
1407,南通,nt,nantong
1408,炎陵,yl,yanling
1409,曾家坪子,cjpz,cengjiapingzi
1410,兴国西,xgx,xingguoxi
1411,寿县,sx,shouxian
1412,新青,xq,xinqing
1413,饮马峡,ymx,yinmaxia
1414,成都西,cdx,chengdouxi
1415,长流,zl,zhangliu
1416,恒地营,hdy,hengdiying
1417,武陟,wz,wuzhi
1418,光明城,gmc,guangmingcheng
1419,银川,yc,yinchuan
1420,海晏,hy,haiyan
1421,永泰,yt,yongtai
1422,六安,la,liuan
1423,东明县,dmx,dongmingxian
1424,四马架,smj,simajia
1425,正镶白旗,zxbq,zhengxiangbaiqi
1426,桦南,hn,huanan
1427,乌拉特前旗,wltqq,wulateqianqi
1428,涪陵北,flb,fulingbei
1429,九龙塘,jlt,jiulongtang
1430,灌云,gy,guanyun
1431,华容南,hrn,huarongnan
1432,香港红磡,xghk,xiangganghongkan
1433,勃利,bl,boli
1434,赤壁,cb,chibi
1435,讷河,nh,nehe
1436,龙泉寺,lqs,longquansi
1437,枣庄西,zzx,zaozhuangxi
1438,信宜,xy,xinyi
1439,原林,yl,yuanlin
1440,广州东,gzd,guangzhoudong
1441,怀柔,hr,huairou
1442,樟木头东,zmtd,zhangmutoudong
1443,西固城,xgc,xigucheng
1444,哈拉海,hlh,halahai
1445,新都东,xdd,xindoudong
1446,昂昂溪,aax,angangxi
1447,内江北,njb,neijiangbei
1448,台州,tz,taizhou
1449,电白,db,dianbai
1450,山阴,sy,shanyin
1451,江桥,jq,jiangqiao
1452,新林,xl,xinlin
1453,沧州西,czx,cangzhouxi
1454,太和北,thb,taihebei
1455,舒城,sc,shucheng
1456,武隆,wl,wulong
1457,卡伦,kl,kalun
1458,土们岭,tml,tumenling
1459,偏岭镇,plz,pianlingzhen
1460,小雨谷,xyg,xiaoyugu
1461,涿州,zz,zhuozhou
1462,罗山,ls,luoshan
1463,贺州,hz,hezhou
1464,图强,tq,tuqiang
1465,玛纳斯,mns,manasi
1466,利津南,ljn,lijinnan
1467,牟平,mp,mouping
1468,定西北,dxb,dingxibei
1469,临澧,ll,linli
1470,道州,dz,daozhou
1471,夏邑县,xyx,xiayixian
1472,济宁,jn,jining
1473,宜耐,yn,yinai
1474,缙云西,jyx,jinyunxi
1475,辛集南,xjn,xinjinan
1476,德惠,dh,dehui
1477,盘古,pg,pangu
1478,道清,dq,daoqing
1479,贵溪,gx,guixi
1480,克一河,kyh,keyihe
1481,马盖图,mgt,magaitu
1482,介休东,jxd,jiexiudong
1483,双牌,sp,shuangpai
1484,成高子,cgz,chenggaozi
1485,横峰,hf,hengfeng
1486,青田,qt,qingtian
1487,鸳鸯镇,yyz,yuanyangzhen
1488,湘潭北,xtb,xiangtanbei
1489,米易,my,miyi
1490,井冈山,jgs,jinggangshan
1491,瑞昌西,rcx,ruichangxi
1492,黑河,hh,heihe
1493,合肥南,hfn,hefeinan
1494,牙屯堡,ytb,yatunbao
1495,彭州南,pzn,pengzhounan
1496,玉田县,ytx,yutianxian
1497,黔江,qj,qianjiang
1498,永康南,ykn,yongkangnan
1499,三义井,syj,sanyijing
1500,永济,yj,yongji
1501,五营,wy,wuying
1502,峨眉山,ems,emeishan
1503,天水,ts,tianshui
1504,偏店,pd,piandian
1505,正定机场,zdjc,zhengdingjichang
1506,大屯,dt,datun
1507,綦江东,qjd,qijiangdong
1508,威舍,ws,weishe
1509,通天屯,ttt,tongtiantun
1510,巴林,bl,balin
1511,乐山,ls,leshan
1512,小南海,xnh,xiaonanhai
1513,余江,yj,yujiang
1514,尼波,nb,nibo
1515,干塘,gt,gantang
1516,日照,rz,rizhao
1517,韶关,sg,shaoguan
1518,岚山西,lsx,lanshanxi
1519,河源,hy,heyuan
1520,武夷山东,wysd,wuyishandong
1521,大乌苏,dws,dawusu
1522,新香坊北,xxfb,xinxiangfangbei
1523,喇嘛山,lms,lamashan
1524,金月湾,jyw,jinyuewan
1525,滕州东,tzd,tengzhoudong
1526,廊坊北,lfb,langfangbei
1527,咸宁东,xnd,xianningdong
1528,会同,ht,huitong
1529,黄平,hp,huangping
1530,西里,xl,xili
1531,阿图什,ats,atushen
1532,奈林皋,nlg,nailingao
1533,承德南,cdn,chengdenan
1534,永福南,yfn,yongfunan
1535,太谷,tg,taigu
1536,弥勒,ml,mile
1537,三门峡西,smxx,sanmenxiaxi
1538,横道河子,hdhz,hengdaohezi
1539,大杨树,dys,dayangshu
1540,石门子,smz,shimenzi
1541,连江,lj,lianjiang
1542,伊春,yc,yichun
1543,黄泥河,hnh,huangnihe
1544,东辛庄,dxz,dongxinzhuang
1545,车转湾,czw,chezhuanwan
1546,吐鲁番,tlf,tulufan
1547,三家店,sjd,sanjiadian
1548,乔庄东,qzd,qiaozhuangdong
1549,小西庄,xxz,xiaoxizhuang
1550,蓬莱市,pls,penglaishi
1551,李旺,lw,liwang
1552,安庆西,aqx,anqingxi
1553,霍州,hz,huozhou
1554,兰考南,lkn,lankaonan
1555,自贡,zg,zigong
1556,徐闻,xw,xuwen
1557,北碚,bb,beibei
1558,田林,tl,tianlin
1559,喀左,kz,kazuo
1560,扎音河,zyh,zhayinhe
1561,德兴东,dxd,dexingdong
1562,红寺堡,hsb,hongsibao
1563,普洱渡,ped,puerdu
1564,凤州,fz,fengzhou
1565,万州北,wzb,wanzhoubei
1566,咸阳,xy,xianyang
1567,耒阳,ly,leiyang
1568,仙水,xs,xianshui
1569,海宁西,hnx,hainingxi
1570,牛河梁,nhl,niuheliang
1571,常德,cd,changde
1572,高台子,gtz,gaotaizi
1573,泰来,tl,tailai
1574,南部,nb,nanbu
1575,定州东,dzd,dingzhoudong
1576,张掖,zy,zhangye
1577,卢龙,ll,lulong
1578,佛山,fs,foshan
1579,达布逊,dbx,dabuxun
1580,弋阳,yy,yiyang
1581,四棵树,sks,sikeshu
1582,天岗,tg,tiangang
1583,德州东,dzd,dezhoudong
1584,兴宁,xn,xingning
1585,邵阳北,syb,shaoyangbei
1586,黄河景区,hhjq,huanghejingqu
1587,温州南,wzn,wenzhounan
1588,潜江,qj,qianjiang
1589,濑湍,lt,laituan
1590,赣榆,gy,ganyu
1591,德兴,dx,dexing
1592,碧江,bj,bijiang
1593,中宁东,znd,zhongningdong
1594,富拉尔基,flej,fulaerji
1595,建桥,jq,jianqiao
1596,银滩,yt,yintan
1597,乌海,wh,wuhai
1598,东升,ds,dongsheng
1599,闻喜西,wxx,wenxixi
1600,化处,hc,huachu
1601,安化,ah,anhua
1602,益阳,yy,yiyang
1603,楚雄,cx,chuxiong
1604,永川,yc,yongchuan
1605,望江,wj,wangjiang
1606,敦煌,dh,dunhuang
1607,铜仁南,trn,tongrennan
1608,吉安,ja,jian
1609,邵家堂,sjt,shaojiatang
1610,永州,yz,yongzhou
1611,莱阳,ly,laiyang
1612,界首市,jss,jieshoushi
1613,钟祥,zx,zhongxiang
1614,翠岗,cg,cuigang
1615,进贤,jx,jinxian
1616,新桥,xq,xinqiao
1617,佛岭,fl,foling
1618,绥芬河,sfh,suifenhe
1619,西麻山,xms,ximashan
1620,营街,yj,yingjie
1621,得莫利,dml,demoli
1622,南充,nc,nanchong
1623,朝阳镇,cyz,chaoyangzhen
1624,滨海北,bhb,binhaibei
1625,丰都,fd,fengdou
1626,茶陵南,cln,chalingnan
1627,铁岭西,tlx,tielingxi
1628,林海,lh,linhai
1629,醴陵东,lld,lilingdong
1630,水源,sy,shuiyuan
1631,信阳东,xyd,xinyangdong
1632,临邑,ly,linyi
1633,裕国,yg,yuguo
1634,汉寿,hs,hanshou
1635,豆沙关,dsg,doushaguan
1636,嘉峪关,jyg,jiayuguan
1637,龙镇,lz,longzhen
1638,关寨,gz,guanzhai
1639,赵城,zc,zhaocheng
1640,热水,rs,reshui
1641,达拉特西,dltx,dalatexi
1642,北京西,bjx,beijingxi
1643,桦皮厂,hpc,huapichang
1644,公主岭南,gzln,gongzhulingnan
1645,高碑店东,gbdd,gaobeidiandong
1646,四分滩,sft,sifentan
1647,白沙坡,bsp,baishapo
1648,惠州,hz,huizhou
1649,鹤立,hl,heli
1650,道滘,dj,daojiao
1651,澧县,lx,lixian
1652,阆中,lz,langzhong
1653,秧草地,ycd,yangcaodi
1654,阜宁,fn,funing
1655,蒲坝,pb,puba
1656,金银潭,jyt,jinyintan
1657,桃村北,tcb,taocunbei
1658,蔡家崖,cjy,caijiaya
1659,汤旺河,twh,tangwanghe
1660,扬州,yz,yangzhou
1661,低庄,dz,dizhuang
1662,暖泉,nq,nuanquan
1663,钟家村,zjc,zhongjiacun
1664,黄冈东,hgd,huanggangdong
1665,灵宝西,lbx,lingbaoxi
1666,蚌埠南,bbn,bangbunan
1667,新余北,xyb,xinyubei
1668,东莞,dg,dongguan
1669,里木店,lmd,limudian
1670,海林,hl,hailin
1671,汐子,xz,xizi
1672,平凉南,pln,pingliangnan
1673,砚川,yc,yanchuan
1674,乐平市,lps,lepingshi
1675,福山镇,fsz,fushanzhen
1676,稷山,js,jishan
1677,天津,tj,tianjin
1678,鲁番,lf,lufan
1679,油溪,yx,youxi
1680,泽普,zp,zepu
1681,庆盛,qs,qingsheng
1682,翠峰,cf,cuifeng
1683,平社,ps,pingshe
1684,获嘉,hj,huojia
1685,茨坝,cb,ciba
1686,义乌,yw,yiwu
1687,东戴河,ddh,dongdaihe
1688,王家营西,wjyx,wangjiayingxi
1689,平遥古城,pygc,pingyaogucheng
1690,三明,sm,sanming
1691,抚顺,fs,fushun
1692,磐石,ps,panshi
1693,兰岗,lg,langang
1694,羊坪,yp,yangping
1695,熊岳城,xyc,xiongyuecheng
1696,惠东,hd,huidong
1697,双河市,shs,shuangheshi
1698,水家湖,sjh,shuijiahu
1699,兰岭,ll,lanling
1700,海城,hc,haicheng
1701,临沂北,lyb,linyibei
1702,北票,bp,beipiao
1703,瑞金,rj,ruijin
1704,随州,sz,suizhou
1705,宝龙山,bls,baolongshan
1706,富宁,fn,funing
1707,盘锦,pj,panjin
1708,梅河口,mhk,meihekou
1709,三阳,sy,sanyang
1710,帽儿山西,mesx,maoershanxi
1711,朔州,sz,shuozhou
1712,喀什,ks,kashen
1713,虎门,hm,humen
1714,蒲城,pc,pucheng
1715,白鸡坡,bjp,baijipo
1716,高头,gt,gaotou
1717,博兴,bx,boxing
1718,宜兴,yx,yixing
1719,哈尔滨,heb,haerbin
1720,青岛西,qdx,qingdaoxi
1721,新贤城,xxc,xinxiancheng
1722,扎赉诺尔西,zlnex,zhalainuoerxi
1723,东台,dt,dongtai
1724,黄松甸,hsd,huangsongdian
1725,眉山东,msd,meishandong
1726,密山,ms,mishan
1727,嘉兴南,jxn,jiaxingnan
1728,白河县,bhx,baihexian
1729,曲靖北,qjb,qujingbei
1730,大足,dz,dazu
1731,林东,ld,lindong
1732,湛江,zj,zhanjiang
1733,唐山,ts,tangshan
1734,大涧,dj,dajian
1735,河边,hb,hebian
1736,大通西,dtx,datongxi
1737,霍林郭勒,hlgl,huolinguole
1738,永康,yk,yongkang
1739,桐城,tc,tongcheng
1740,桐柏,tb,tongbo
1741,卫辉,wh,weihui
1742,新天,xt,xintian
1743,蔡家沟,cjg,caijiagou
1744,金华南,jhn,jinhuanan
1745,汾阳,fy,fenyang
1746,上海南,shn,shanghainan
1747,乐跃,ly,leyue
1748,齐哈日格图,qhrgt,qiharigetu
1749,郴州西,czx,chenzhouxi
1750,杨陵南,yln,yanglingnan
1751,阿城,ac,acheng
1752,悬钟,xz,xuanzhong
1753,东营,dy,dongying
1754,龙嘉,lj,longjia
1755,神木,sm,shenmu
1756,云彩岭,ycl,yuncailing
1757,葵潭,kt,kuitan
1758,北屯市,bts,beitunshi
1759,哈尔滨北,hebb,haerbinbei
1760,东阳关,dyg,dongyangguan
1761,诏安,za,zhaoan
1762,五大连池,wdlc,wudalianchi
1763,密云北,myb,miyunbei
1764,关岭,gl,guanling
1765,渠县,qx,quxian
1766,红花园,hhy,honghuayuan
1767,高楞,gl,gaoleng
1768,平型关,pxg,pingxingguan
1769,孝感东,xgd,xiaogandong
1770,燕郊,yj,yanjiao
1771,红岘台,hxt,hongxiantai
1772,全州南,qzn,quanzhounan
1773,上虞,sy,shangyu
1774,灵武,lw,lingwu
1775,柏果,bg,boguo
1776,诸暨,zj,zhuji
1777,长沙南,zsn,zhangshanan
1778,株洲西,zzx,zhuzhouxi
1779,滕州,tz,tengzhou
1780,柏林,bl,bolin
1781,唐河,th,tanghe
1782,九江,jj,jiujiang
1783,八里甸子,bldz,balidianzi
1784,大孤山,dgs,dagushan
1785,介休,jx,jiexiu
1786,开原西,kyx,kaiyuanxi
1787,赛汗塔拉,shtl,saihantala
1788,九台南,jtn,jiutainan
1789,双吉,sj,shuangji
1790,昆都仑召,kdlz,kundoulunzhao
1791,路口铺,lkp,lukoupu
1792,乐清,lq,leqing
1793,阳西,yx,yangxi
1794,西华,xh,xihua
1795,上高镇,sgz,shanggaozhen
1796,灵宝,lb,lingbao
1797,乐东,ld,ledong
1798,昌乐,cl,changle
1799,孝西,xx,xiaoxi
1800,广顺场,gsc,guangshunchang
1801,凤城东,fcd,fengchengdong
1802,隆昌北,lcb,longchangbei
1803,福利区,flq,fuliqu
1804,大口钦,dkq,dakouqin
1805,兴泉堡,xqb,xingquanbao
1806,合肥北城,hfbc,hefeibeicheng
1807,林源,ly,linyuan
1808,半截河,bjh,banjiehe
1809,同江,tj,tongjiang
1810,冠豸山,gzs,guanzhishan
1811,姜堰,jy,jiangyan
1812,新杖子,xzz,xinzhangzi
1813,大丰,df,dafeng
1814,衡阳,hy,hengyang
1815,沙沙坡,ssp,shashapo
1816,艾河,ah,aihe
1817,玉屏,yp,yuping
1818,谢家镇,xjz,xiejiazhen
1819,宾州,bz,binzhou
1820,瓦拉干,wlg,walagan
1821,慈利,cl,cili
1822,巴楚,bc,bachu
1823,沙坡头,spt,shapotou
1824,南堡北,nbb,nanbaobei
1825,长征,zz,zhangzheng
1826,塔城,tc,tacheng
1827,罗平,lp,luoping
1828,北井子,bjz,beijingzi
1829,宿州,sz,suzhou
1830,上腰墩,syd,shangyaodun
1831,资溪,zx,zixi
1832,八虎力,bhl,bahuli
1833,彰武,zw,zhangwu
1834,芙蓉南,frn,furongnan
1835,磁窑,cy,ciyao
1836,平南南,pnn,pingnannan
1837,昆明南,kmn,kunmingnan
1838,玉山,ys,yushan
1839,屏山,ps,pingshan
1840,灵石东,lsd,lingshidong
1841,东胜西,dsx,dongshengxi
1842,东二道河,dedh,dongerdaohe
1843,揭阳机场,jyjc,jieyangjichang
1844,山城镇,scz,shanchengzhen
1845,猛洞河,mdh,mengdonghe
1846,名山,ms,mingshan
1847,甘谷,gg,gangu
1848,小扬气,xyq,xiaoyangqi
1849,西斗铺,xdp,xidoupu
1850,大虎山,dhs,dahushan
1851,罗源,ly,luoyuan
1852,清涧县,qjx,qingjianxian
1853,碧州,bz,bizhou
1854,建始,js,jianshi
1855,霞浦,xp,xiapu
1856,赣州西,gzx,ganzhouxi
1857,梧州,wz,wuzhou
1858,三花石,shs,sanhuashi
1859,寿阳,sy,shouyang
1860,垫江,dj,dianjiang
1861,宝华山,bhs,baohuashan
1862,鄯善,ss,shanshan
1863,朗乡,lx,langxiang
1864,连湖,lh,lianhu
1865,万发屯,wft,wanfatun
1866,白音察干,bycg,baiyinchagan
1867,江所田,jst,jiangsuotian
1868,陶家屯,tjt,taojiatun
1869,泗水,ss,sishui
1870,重庆南,zqn,zhongqingnan
1871,施家嘴,sjz,shijiazui
1872,平河口,phk,pinghekou
1873,大庆,dq,daqing
1874,石林西,slx,shilinxi
1875,拉古,lg,lagu
1876,泉州,qz,quanzhou
1877,苍南,cn,cangnan
1878,藁城,gc,gaocheng
1879,南芬,nf,nanfen
1880,宁陵县,nlx,ninglingxian
1881,湖州,hz,huzhou
1882,株洲,zz,zhuzhou
1883,天义,ty,tianyi
1884,藤县,tx,tengxian
1885,花园,hy,huayuan
1886,龙里北,llb,longlibei
1887,昌黎,cl,changli
1888,桐梓,tz,tongzi
1889,镇雄,zx,zhenxiong
1890,狼尾山,lws,langweishan
1891,合浦,hp,hepu
1892,大石头,dst,dashitou
1893,白云鄂博,byeb,baiyunebo
1894,分宜,fy,fenyi
1895,井陉,jx,jingxing
1896,轩岗,xg,xuangang
1897,绣峰,xf,xiufeng
1898,王岗,wg,wanggang
1899,兰州,lz,lanzhou
1900,深圳坪山,szps,shenzhenpingshan
1901,信丰,xf,xinfeng
1902,邢台东,xtd,xingtaidong
1903,太湖,th,taihu
1904,吴堡,wb,wubao
1905,阿巴嘎旗,abgq,abagaqi
1906,三合庄,shz,sanhezhuang
1907,庄桥,zq,zhuangqiao
1908,富县东,fxd,fuxiandong
1909,彭水,ps,pengshui
1910,玉泉,yq,yuquan
1911,岚县,lx,lanxian
1912,保康,bk,baokang
1913,呼和浩特,hhht,huhehaote
1914,拉萨,ls,lasa
1915,仙游,xy,xianyou
1916,敦化,dh,dunhua
1917,神树,ss,shenshu
1918,白彦花,byh,baiyanhua
1919,滦河,lh,luanhe
1920,查布嘎,cbg,chabuga
1921,湘府路,xfl,xiangfulu
1922,泡子,pz,paozi
1923,中山北,zsb,zhongshanbei
1924,太平镇,tpz,taipingzhen
1925,汕尾,sw,shanwei
1926,沃皮,wp,wopi
1927,洞口,dk,dongkou
1928,长寿北,zsb,zhangshoubei
1929,石门县北,smxb,shimenxianbei
1930,阜阳西,fyx,fuyangxi
1931,甘河,gh,ganhe
1932,广州南,gzn,guangzhounan
1933,云霄,yx,yunxiao
1934,辛集,xj,xinji
1935,左家,zj,zuojia
1936,鹤山,hs,heshan
1937,尚志南,szn,shangzhinan
1938,鹤岗,hg,hegang
1939,东镇,dz,dongzhen
1940,碑木镇,bmz,beimuzhen
1941,哈拉苏,hls,halasu
1942,射阳,sy,sheyang
1943,红光镇,hgz,hongguangzhen
1944,沈阳,sy,shenyang
1945,宁明,nm,ningming
1946,郁南,yn,yunan
1947,潮汕,cs,chaoshan
1948,大田边,dtb,datianbian
1949,圣浪,sl,shenglang
1950,杏树,xs,xingshu
1951,英德西,ydx,yingdexi
1952,朝阳地,cyd,chaoyangdi
1953,扶余北,fyb,fuyubei
1954,小哨,xs,xiaoshao
1955,潢川,hc,huangchuan
1956,杨柳青,ylq,yangliuqing
1957,马林,ml,malin
1958,汉川,hc,hanchuan
1959,吴桥,wq,wuqiao
1960,永修,yx,yongxiu
1961,五叉沟,wcg,wuchagou
1962,朝中,cz,chaozhong
1963,梅花山,mhs,meihuashan
1964,秀山,xs,xiushan
1965,修文县,xwx,xiuwenxian
1966,那曲,nq,neiqu
1967,口前,kq,kouqian
1968,丹凤,df,danfeng
1969,渭南,wn,weinan
1970,新友谊,xyy,xinyouyi
1971,诸城,zc,zhucheng
1972,朝阳村,cyc,chaoyangcun
1973,桑植,sz,sangzhi
1974,通州西,tzx,tongzhouxi
1975,虎什哈,hsh,hushenha
1976,赤峰南,cfn,chifengnan
1977,广州北,gzb,guangzhoubei
1978,中卫,zw,zhongwei
1979,浠水,xs,xishui
1980,南华,nh,nanhua
1981,合川,hc,hechuan
1982,漳县,zx,zhangxian
1983,香兰,xl,xianglan
1984,青堆,qd,qingdui
1985,乌固诺尔,wgne,wugunuoer
1986,土地堂东,tdtd,tuditangdong
1987,大庆东,dqd,daqingdong
1988,温根托海,wgth,wengentuohai
1989,犀浦,xp,xipu
1990,蒙山,ms,mengshan
1991,晋城,jc,jincheng
1992,豆庄,dz,douzhuang
1993,盐城,yc,yancheng
1994,肇庆东,zqd,zhaoqingdong
1995,定南,dn,dingnan
1996,英德,yd,yingde
1997,安阳东,ayd,anyangdong
1998,敬梓场,jzc,jingzichang
1999,陈相屯,cxt,chenxiangtun
2000,阳泉曲,yqq,yangquanqu
2001,大连北,dlb,dalianbei
2002,乌伊岭,wyl,wuyiling
2003,礼泉,lq,liquan
2004,桐子林,tzl,tongzilin
2005,湘乡,xx,xiangxiang
2006,劲松,js,jingsong
2007,阳明堡,ymb,yangmingbao
2008,一面坡,ymp,yimianpo
2009,章丘北,zqb,zhangqiubei
2010,汉中,hz,hanzhong
2011,五龙背东,wlbd,wulongbeidong
2012,金银川,jyc,jinyinchuan
2013,江宁,jn,jiangning
2014,鲅鱼圈,byq,bayuquan
2015,济源,jy,jiyuan
2016,寒岭,hl,hanling
2017,老城镇,lcz,laochengzhen
2018,北戴河,bdh,beidaihe
2019,拉哈,lh,laha
2020,东方,df,dongfang
2021,阳高,yg,yanggao
2022,归流河,glh,guiliuhe
2023,虎林,hl,hulin
2024,大余,dy,dayu
2025,白水镇,bsz,baishuizhen
2026,太原南,tyn,taiyuannan
2027,荣成,rc,rongcheng
2028,呼鲁斯太,hlst,hulusitai
2029,富海,fh,fuhai
2030,黄陵南,hln,huanglingnan
2031,扶绥,fs,fusui
2032,山河屯,sht,shanhetun
2033,白山市,bss,baishanshi
2034,恩平,ep,enping
2035,德伯斯,dbs,debosi
2036,佳木斯西,jmsx,jiamusixi
2037,沟口,gk,goukou
2038,兴业,xy,xingye
2039,东明村,dmc,dongmingcun
2040,鄱阳,py,poyang
2041,驻马店,zmd,zhumadian
2042,兰溪,lx,lanxi
2043,虢镇,gz,guozhen
2044,庄河北,zhb,zhuanghebei
2045,彭泽,pz,pengze
2046,杜尔伯特,debt,duerbote
2047,平等,pd,pingdeng
2048,芦家庄,ljz,lujiazhuang
2049,商城,sc,shangcheng
2050,北宅,bz,beizhai
2051,九三,js,jiusan
2052,无锡,wx,wuxi
2053,枣庄,zz,zaozhuang
2054,成都东,cdd,chengdoudong
2055,肃宁,sn,suning
2056,岳阳东,yyd,yueyangdong
2057,绍兴东,sxd,shaoxingdong
2058,醴陵,ll,liling
2059,晏城,yc,yancheng
2060,武威,ww,wuwei
2061,淮安,ha,huaian
2062,霍邱,hq,huoqiu
2063,黄冈,hg,huanggang
2064,北安,ba,beian
2065,延安,ya,yanan
2066,千阳,qy,qianyang
2067,华蓥,hy,huaying
2068,嘎什甸子,gsdz,gashendianzi
2069,铜陵北,tlb,tonglingbei
2070,兴义,xy,xingyi
2071,鹰手营子,ysyz,yingshouyingzi
2072,土溪,tx,tuxi
2073,扎罗木得,zlmd,zhaluomude
2074,大石桥,dsq,dashiqiao
2075,德清西,dqx,deqingxi
2076,枣庄东,zzd,zaozhuangdong
2077,无锡东,wxd,wuxidong
2078,洪洞西,hdx,hongdongxi
2079,和平,hp,heping
2080,饶阳,ry,raoyang
2081,惠州南,hzn,huizhounan
2082,内江,nj,neijiang
2083,荆门,jm,jingmen
2084,四平东,spd,sipingdong
2085,兴平,xp,xingping
2086,孙家,sj,sunjia
2087,青城山,qcs,qingchengshan
2088,大杖子,dzz,dazhangzi
2089,城西,cx,chengxi
2090,郴州,cz,chenzhou
2091,平安,pa,pingan
2092,宜宾西,ybx,yibinxi
2093,南召,nz,nanzhao
2094,八仙筒,bxt,baxiantong
2095,太阳升,tys,taiyangsheng
2096,滨海,bh,binhai
2097,安江东,ajd,anjiangdong
2098,六盘山,lps,liupanshan
2099,长春西,zcx,zhangchunxi
2100,五林,wl,wulin
2101,宋,s,song
2102,左岭,zl,zuoling
2103,金华,jh,jinhua
2104,皮山,ps,pishan
2105,永丰营,yfy,yongfengying
2106,莱芜东,lwd,laiwudong
2107,彝良南,yln,yiliangnan
2108,大青沟,dqg,daqinggou
2109,燕家庄,yjz,yanjiazhuang
2110,峡江,xj,xiajiang
2111,根河,gh,genhe
2112,三门县,smx,sanmenxian
2113,宁国,ng,ningguo
2114,神头,st,shentou
2115,建瓯西,jox,jianouxi
2116,双城堡,scb,shuangchengbao
2117,富川,fc,fuchuan
2118,永郎,yl,yonglang
2119,绕阳河,ryh,raoyanghe
2120,大连,dl,dalian
2121,施秉,sb,shibing
2122,高安,ga,gaoan
2123,三间房,sjf,sanjianfang
2124,胶州,jz,jiaozhou
2125,朱日和,zrh,zhurihe
2126,永胜,ys,yongsheng
2127,徽县,hx,huixian
2128,襄汾,xf,xiangfen
2129,扶余,fy,fuyu
2130,升昌,sc,shengchang
2131,海林北,hlb,hailinbei
2132,应城,yc,yingcheng
2133,红星,hx,hongxing
2134,太谷西,tgx,taiguxi
2135,班猫箐,bmq,banmaoqing
2136,江永,jy,jiangyong
2137,无为南,wwn,wuweinan
2138,永川东,ycd,yongchuandong
2139,古城东,gcd,guchengdong
2140,百色,bs,baise
2141,乌兰花,wlh,wulanhua
2142,土桥子,tqz,tuqiaozi
2143,五女山,wns,wunu:shan
2144,豆罗,dl,douluo
2145,安阳,ay,anyang
2146,哈力图,hlt,halitu
2147,武穴,wx,wuxue
2148,花桥,hq,huaqiao
2149,建安,ja,jianan
2150,柴沟堡,cgb,chaigoubao
2151,土贵乌拉,tgwl,tuguiwula
2152,长兴,zx,zhangxing
2153,六盘水,lps,liupanshui
2154,渠旧,qj,qujiu
2155,阿乌尼,awn,awuni
2156,唐家湾,tjw,tangjiawan
2157,民族,mz,minzu
2158,新安,xa,xinan
2159,安陆,al,anlu
2160,宣化,xh,xuanhua
2161,剑门关,jmg,jianmenguan
2162,五府山,wfs,wufushan
2163,东营南,dyn,dongyingnan
2164,兴和西,xhx,xinghexi
2165,小河沿,xhy,xiaoheyan
2166,广汉北,ghb,guanghanbei
2167,磁山,cs,cishan
2168,铁刹山,tcs,tiechashan
2169,洮南,tn,taonan
2170,萍乡,px,pingxiang
2171,织金,zj,zhijin
2172,平顶山西,pdsx,pingdingshanxi
2173,蓟州北,jzb,jizhoubei
2174,绥中,sz,suizhong
2175,昭山,zs,zhaoshan
2176,宿迁,sq,suqian
2177,子洲,zz,zizhou
2178,曹县,cx,caoxian
2179,松原,sy,songyuan
2180,双阳,sy,shuangyang
2181,林盛堡,lsb,linshengbao
2182,长农,zn,zhangnong
2183,固原,gy,guyuan
2184,玉山南,ysn,yushannan
2185,露水河,lsh,lushuihe
2186,绿博园,lby,lu:boyuan
2187,中和,zh,zhonghe
2188,白芨沟,bjg,baijigou
2189,彬州,bz,binzhou
2190,枣强,zq,zaoqiang
2191,滨州,bz,binzhou
2192,桦林,hl,hualin
2193,高密,gm,gaomi
2194,宁强南,nqn,ningqiangnan
2195,襄河,xh,xianghe
2196,莱西,lx,laixi
2197,东安东,dad,dongandong
2198,江山,js,jiangshan
2199,龙桥,lq,longqiao
2200,杨陵,yl,yangling
2201,黄羊滩,hyt,huangyangtan
2202,岭北,lb,lingbei
2203,新立镇,xlz,xinlizhen
2204,兴隆店,xld,xinglongdian
2205,后湖,hh,houhu
2206,三河县,shx,sanhexian
2207,高桥镇,gqz,gaoqiaozhen
2208,兰州新区,lzxq,lanzhouxinqu
2209,陇西,lx,longxi
2210,邵阳,sy,shaoyang
2211,密山西,msx,mishanxi
2212,白狼,bl,bailang
2213,菇园,gy,guyuan
2214,迎宾路,ybl,yingbinlu
2215,湘潭,xt,xiangtan
2216,彭州,pz,pengzhou
2217,湟源,hy,huangyuan
2218,青铜峡,qtx,qingtongxia
2219,三水北,ssb,sanshuibei
2220,兴安北,xab,xinganbei
2221,洛门,lm,luomen
2222,朱砂古镇,zsgz,zhushaguzhen
2223,柳树屯,lst,liushutun
2224,天津北,tjb,tianjinbei
2225,抚宁,fn,funing
2226,东边井,dbj,dongbianjing
2227,北屯,bt,beitun
2228,羊马,ym,yangma
2229,丹霞山,dxs,danxiashan
2230,江油,jy,jiangyou
2231,洛湾三江,lwsj,luowansanjiang
2232,天门南,tmn,tianmennan
2233,云梦,ym,yunmeng
2234,潮州,cz,chaozhou
2235,韩麻营,hmy,hanmaying
2236,齐齐哈尔南,qqhen,qiqihaernan
2237,滦平,lp,luanping
2238,岭南,ln,lingnan
2239,大邑,dy,dayi
2240,新安庄,xaz,xinanzhuang
2241,鲘门,hm,houmen
2242,古莲,gl,gulian
2243,绍兴,sx,shaoxing
2244,皋兰,gl,gaolan
2245,高谷,gg,gaogu
2246,蛟河西,jhx,jiaohexi
2247,灵丘,lq,lingqiu
2248,富源,fy,fuyuan
2249,玉溪,yx,yuxi
2250,春亭阁,ctg,chuntingge
2251,平泉北,pqb,pingquanbei
2252,前锋,qf,qianfeng
2253,平山,ps,pingshan
2254,台前,tq,taiqian
2255,乳山,rs,rushan
2256,干溪沟,gxg,ganxigou
2257,红砂坝,hsb,hongshaba
2258,泔溪,gx,ganxi
2259,良各庄,lgz,lianggezhuang
2260,珠琳,zl,zhulin
2261,淮阳南,hyn,huaiyangnan
2262,庙城,mc,miaocheng
2263,青神,qs,qingshen
2264,三水南,ssn,sanshuinan
2265,溧阳,ly,liyang
2266,西安北,xab,xianbei
2267,永济北,yjb,yongjibei
2268,沈阳北,syb,shenyangbei
2269,遵义,zy,zunyi
2270,萧县北,xxb,xiaoxianbei
2271,中川机场,zcjc,zhongchuanjichang
2272,曲阜东,qfd,qufudong
2273,梨树镇,lsz,lishuzhen
2274,重庆西,zqx,zhongqingxi
2275,米沙子,msz,mishazi
2276,霍尔果斯,hegs,huoerguosi
2277,松树台,sst,songshutai
2278,新民,xm,xinmin
2279,张家界西,zjjx,zhangjiajiexi
2280,东通化,dth,dongtonghua
2281,镜铁山,jts,jingtieshan
2282,汤池,tc,tangchi
2283,建水,js,jianshui
2284,周口,zk,zhoukou
2285,抚顺北,fsb,fushunbei
2286,马三家,msj,masanjia
2287,洛阳,ly,luoyang
2288,阳谷,yg,yanggu
2289,鼎湖东,dhd,dinghudong
2290,西昌,xc,xichang
2291,舍伯吐,sbt,shebotu
2292,呼兰,hl,hulan
2293,王府,wf,wangfu
2294,凯里南,kln,kailinan
2295,嘉兴,jx,jiaxing
2296,开安,ka,kaian
2297,桃山,ts,taoshan
2298,冕宁,mn,mianning
2299,灌南,gn,guannan
2300,和龙,hl,helong
2301,阿尔山北,aesb,aershanbei
2302,泰安,ta,taian
2303,谭家井,tjj,tanjiajing
2304,孝感北,xgb,xiaoganbei
2305,白洋淀,byd,baiyangdian
2306,兰考,lk,lankao
2307,义县西,yxx,yixianxi
2308,下社,xs,xiashe
2309,正定,zd,zhengding
2310,满归,mg,mangui
2311,泰宁,tn,taining
2312,安图,at,antu
2313,土门子,tmz,tumenzi
2314,阳江,yj,yangjiang
2315,西安南,xan,xiannan
2316,璧山,bs,bishan
2317,上饶,sr,shangrao
2318,平安驿,pay,pinganyi
2319,乐都,ld,ledou
2320,盐津北,yjb,yanjinbei
2321,晨明,cm,chenming
2322,江津,jj,jiangjin
2323,艾家村,ajc,aijiacun
2324,南博山,nbs,nanboshan
2325,乌兰,wl,wulan
2326,贵定北,gdb,guidingbei
2327,惠农,hn,huinong
2328,鹿寨北,lzb,luzhaibei
2329,鹤庆,hq,heqing
2330,靖远西,jyx,jingyuanxi
2331,仙人桥,xrq,xianrenqiao
2332,克拉玛依,klmy,kelamayi
2333,日喀则,rkz,rikaze
2334,蒙渡,md,mengdu
2335,大民屯,dmt,damintun
2336,曹子里,czl,caozili
2337,通榆,ty,tongyu
2338,平泉,pq,pingquan
2339,巢湖,ch,chaohu
2340,涡阳,wy,woyang
2341,东来,dl,donglai
2342,顺昌,sc,shunchang
2343,乾安,qa,qianan
2344,二道桥,edq,erdaoqiao
2345,方正,fz,fangzheng
2346,临汾西,lfx,linfenxi
2347,先锋,xf,xianfeng
2348,赣州,gz,ganzhou
2349,藁城南,gcn,gaochengnan
2350,砀山南,dsn,dangshannan
2351,杨木,ym,yangmu
2352,三道营,sdy,sandaoying
2353,耒阳西,lyx,leiyangxi
2354,坝梁,bl,baliang
2355,大磴沟,ddg,dadenggou
2356,阳岔,yc,yangcha
2357,九龙,jl,jiulong
2358,平峪,py,pingyu
2359,五龙背,wlb,wulongbei
2360,新沂,xy,xinyi
2361,红安西,hax,honganxi
2362,宾西北,bxb,binxibei
2363,广安,ga,guangan
2364,大石寨,dsz,dashizhai
2365,阳泉,yq,yangquan
2366,三阳川,syc,sanyangchuan
2367,安顺西,asx,anshunxi
2368,杨村,yc,yangcun
2369,安靖,aj,anjing
2370,天津南,tjn,tianjinnan
2371,海宁,hn,haining
2372,奎山,ks,kuishan
2373,司家岭,sjl,sijialing
2374,广宁,gn,guangning
2375,淮北北,hbb,huaibeibei
2376,奎屯,kt,kuitun
2377,武安,wa,wuan
2378,水花,sh,shuihua
2379,本溪,bx,benxi
2380,平洋,py,pingyang
2381,祁东,qd,qidong
2382,巴山,bs,bashan
2383,马莲河,mlh,malianhe
2384,靖西,jx,jingxi
2385,金钟,jz,jinzhong
2386,营山,ys,yingshan
2387,海安,ha,haian
2388,北流,bl,beiliu
2389,罕达盖,hdg,handagai
2390,嵯岗,cg,cuogang
2391,金山园区,jsyq,jinshanyuanqu
2392,公主岭,gzl,gongzhuling
2393,十堰,sy,shiyan
2394,开封,kf,kaifeng
2395,镇西,zx,zhenxi
2396,襄州,xz,xiangzhou
2397,高峰,gf,gaofeng
2398,铜陵,tl,tongling
2399,鄂州,ez,ezhou
2400,本溪新城,bxxc,benxixincheng
2401,刚察,gc,gangcha
2402,温春,wc,wenchun
2403,承德,cd,chengde
2404,南宁东,nnd,nanningdong
2405,韩城,hc,hancheng
2406,姚家,yj,yaojia
2407,厦门北,smb,shamenbei
2408,新华屯,xht,xinhuatun
2409,连云港东,lygd,lianyungangdong
2410,大杨树东,dysd,dayangshudong
2411,丰镇,fz,fengzhen
2412,钦州东,qzd,qinzhoudong
2413,杨林,yl,yanglin
2414,大灰厂,dhc,dahuichang
2415,大兴,dx,daxing
2416,大关,dg,daguan
2417,白马井,bmj,baimajing
2418,凉水井,lsj,liangshuijing
2419,汝州,rz,ruzhou
2420,大朗镇,dlz,dalangzhen
2421,大河坝,dhb,daheba
2422,迤那,yn,yinei
2423,瓦屋山,wws,wawushan
2424,湛江西,zjx,zhanjiangxi
2425,红果,hg,hongguo
2426,新化南,xhn,xinhuanan
2427,西平西,xpx,xipingxi
2428,武夷山北,wysb,wuyishanbei
2429,寮步,lb,liaobu
2430,同心,tx,tongxin
2431,德昌,dc,dechang
2432,屏边,pb,pingbian
2433,隆化,lh,longhua
2434,宣和,xh,xuanhe
2435,如皋,rg,rugao
2436,汤山城,tsc,tangshancheng
2437,犍为,jw,jianwei
2438,香樟路,xzl,xiangzhanglu
2439,衡山西,hsx,hengshanxi
2440,长治北,zzb,zhangzhibei
2441,金刚沱,jgt,jingangtuo
2442,贵定县,gdx,guidingxian
2443,胜芳,sf,shengfang
2444,忻州,xz,xinzhou
2445,月华,yh,yuehua
2446,北海,bh,beihai
2447,西固,xg,xigu
2448,张桥,zq,zhangqiao
2449,六合镇,lhz,liuhezhen
2450,德阳,dy,deyang
2451,官厅西,gtx,guantingxi
2452,姜家,jj,jiangjia
2453,开江,kj,kaijiang
2454,东城南,dcn,dongchengnan
2455,柳园,ly,liuyuan
2456,鹿寨,lz,luzhai
2457,许三湾,xsw,xusanwan
2458,民权,mq,minquan
2459,略阳,ly,lu:eyang
2460,瑞昌,rc,ruichang
2461,汝箕沟,rjg,rujigou
2462,扎鲁特,zlt,zhalute
2463,桥头,qt,qiaotou
2464,曲阜,qf,qufu
2465,农安,na,nongan
2466,三穗,ss,sansui
2467,双子河,szh,shuangzihe
2468,锦州,jz,jinzhou
2469,赶水,gs,ganshui
2470,甲山,js,jiashan
2471,冷水江东,lsjd,lengshuijiangdong
2472,西小召,xxz,xixiaozhao
2473,池州,cz,chizhou
2474,东海县,dhx,donghaixian
2475,冕山,ms,mianshan
2476,雅安,ya,yaan
2477,内乡,nx,neixiang
2478,新津,xj,xinjin
2479,沙园,sy,shayuan
2480,娄山关,lsg,loushanguan
2481,平原东,pyd,pingyuandong
2482,绥德,sd,suide
2483,胶州北,jzb,jiaozhoubei
2484,金山屯,jst,jinshantun
2485,彭山北,psb,pengshanbei
2486,化州,hz,huazhou
2487,下台子,xtz,xiataizi
2488,夏官营,xgy,xiaguanying
2489,孤山,gs,gushan
2490,固镇,gz,guzhen
2491,莎车,sc,shache
2492,和什托洛盖,hstlg,heshentuoluogai
2493,云浮东,yfd,yunfudong
2494,巩义,gy,gongyi
2495,黄口,hk,huangkou
2496,泰山,ts,taishan
2497,开鲁,kl,kailu
2498,福田,ft,futian
2499,碾子山,nzs,nianzishan
2500,小新街,xxj,xiaoxinjie
2501,集安,ja,jian
2502,喜德,xd,xide
2503,铜鼓溪,tgx,tongguxi
2504,高各庄,ggz,gaogezhuang
2505,合肥,hf,hefei
2506,石家庄北,sjzb,shijiazhuangbei
2507,俞冲,yc,yuchong
2508,广水,gs,guangshui
2509,南昌,nc,nanchang
2510,松江河,sjh,songjianghe
2511,交城,jc,jiaocheng
2512,杭州东,hzd,hangzhoudong
2513,石场,sc,shichang
2514,鄯善北,ssb,shanshanbei
2515,汨罗东,mld,miluodong
2516,资阳北,zyb,ziyangbei
2517,乐善村,lsc,leshancun
2518,桐梓东,tzd,tongzidong
2519,双柳,sl,shuangliu
2520,中嘴,zz,zhongzui
2521,武汉,wh,wuhan
2522,暮云,my,muyun
2523,奇峰塔,qft,qifengta
2524,高邑西,gyx,gaoyixi
2525,杨杖子,yzz,yangzhangzi
2526,霸州,bz,bazhou
2527,梧州南,wzn,wuzhounan
2528,南阳,ny,nanyang
2529,费县,fx,feixian
2530,凯里,kl,kaili
2531,桥西,qx,qiaoxi
2532,亚复,yf,yafu
2533,侯马西,hmx,houmaxi
2534,民和南,mhn,minhenan
2535,南江口,njk,nanjiangkou
2536,伊宁,yn,yining
2537,达家沟,djg,dajiagou
2538,打柴沟,dcg,dachaigou
2539,坪石,ps,pingshi
2540,咸宁,xn,xianning
2541,石坝,sb,shiba
2542,武山,ws,wushan
2543,古田,gt,gutian
2544,苏集,sj,suji
2545,白壁关,bbg,baibiguan
2546,庆安,qa,qingan
2547,迎祥街,yxj,yingxiangjie
2548,旬阳,xy,xunyang
2549,金城江,jcj,jinchengjiang
2550,叶柏寿,ybs,yeboshou
2551,普安县,pax,puanxian
2552,华山北,hsb,huashanbei
2553,包头西,btx,baotouxi
2554,兰家屯,ljt,lanjiatun
2555,西来,xl,xilai
2556,换新天,hxt,huanxintian
2557,东淤地,dyd,dongyudi
2558,田梁子,tlz,tianliangzi
2559,颍上北,ysb,yingshangbei
2560,南平北,npb,nanpingbei
2561,姑家堡,gjb,gujiabao
2562,长山屯,zst,zhangshantun
2563,郫县西,pxx,pixianxi
2564,拉林,ll,lalin
2565,岷县,mx,minxian
2566,进贤南,jxn,jinxiannan
2567,安塘,at,antang
2568,鄂尔多斯,eeds,eerduosi
2569,西林,xl,xilin
2570,古镇,gz,guzhen
2571,陈官营,cgy,chenguanying
2572,兰州西,lzx,lanzhouxi
2573,湾沟,wg,wangou
2574,柯柯,kk,keke
2575,张台子,ztz,zhangtaizi
2576,杨桥,yq,yangqiao
2577,伊敏索木,ymsm,yiminsuomu
2578,南陵,nl,nanling
2579,雁荡山,yds,yandangshan
2580,蒲江,pj,pujiang
2581,苏州北,szb,suzhoubei
2582,石河子,shz,shihezi
2583,凤凰城,fhc,fenghuangcheng
2584,深州,sz,shenzhou
2585,宜春,yc,yichun
2586,蓝村,lc,lancun
2587,涪陵,fl,fuling
2588,辽阳,ly,liaoyang
2589,石林,sl,shilin
2590,乌苏,ws,wusu
2591,鼎湖山,dhs,dinghushan
2592,会昌北,hcb,huichangbei
2593,梁平南,lpn,liangpingnan
2594,八面城,bmc,bamiancheng
2595,步行街,bxj,buxingjie
2596,高州,gz,gaozhou
2597,牧原,my,muyuan
2598,定陶,dt,dingtao
2599,酉阳,yy,youyang
2600,普雄,px,puxiong
2601,安顺,as,anshun
2602,锡林浩特,xlht,xilinhaote
2603,淄博,zb,zibo
2604,江源,jy,jiangyuan
2605,兑镇,dz,duizhen
2606,孔滩,kt,kongtan
2607,亳州南,bzn,bozhounan
2608,邹城,zc,zoucheng
2609,李家,lj,lijia
2610,峰洞,fd,fengdong
2611,田心东,txd,tianxindong
2612,阿木尔,ame,amuer
2613,弯坵,wq,wanqiu
2614,苍坪,cp,cangping
2615,徐家,xj,xujia
2616,零陵,ll,lingling
2617,北马圈子,bmqz,beimaquanzi
2618,南观村,ngc,nanguancun
2619,萨拉齐,slq,salaqi
2620,阎良,yl,yanliang
2621,临淄北,lzb,linzibei
2622,石城,sc,shicheng
2623,富源北,fyb,fuyuanbei
2624,延平,yp,yanping
2625,防城港北,fcgb,fangchenggangbei
2626,敖力布告,albg,aolibugao
2627,浮图峪,fty,futuyu
2628,西街口,xjk,xijiekou
2629,西柳,xl,xiliu
2630,雨格,yg,yuge
2631,南雄,nx,nanxiong
2632,平湖,ph,pinghu
2633,金昌,jc,jinchang
2634,华城,hc,huacheng
2635,夏格庄,xgz,xiagezhuang
2636,雅鲁,yl,yalu
2637,昆玉,ky,kunyu
2638,清河门北,qhmb,qinghemenbei
2639,凤县,fx,fengxian
2640,万宁,wn,wanning
2641,禹城东,ycd,yuchengdong
2642,绍兴北,sxb,shaoxingbei
2643,沙城,sc,shacheng
2644,楚山,cs,chushan
2645,马鞍山东,masd,maanshandong
2646,辉河,hh,huihe
2647,阳东,yd,yangdong
2648,六个鸡,lgj,liugeji
2649,息烽,xf,xifeng
2650,长庆桥,zqq,zhangqingqiao
2651,立志,lz,lizhi
2652,黑山寺,hss,heishansi
2653,旗下营南,qxyn,qixiayingnan
2654,紫阳,zy,ziyang
2655,项城,xc,xiangcheng
2656,泥溪,nx,nixi
2657,博白,bb,bobai
2658,临江溪,ljx,linjiangxi
2659,秦安,qa,qinan
2660,乌鲁木齐,wlmq,wulumuqi
2661,哈尔滨东,hebd,haerbindong
2662,柳树,ls,liushu
2663,鸭园,yy,yayuan
2664,任丘,rq,renqiu
2665,纳雍,ny,nayong
2666,一面山,yms,yimianshan
2667,龙洞堡,ldb,longdongbao
2668,肇东,zd,zhaodong
2669,桂平,gp,guiping
2670,滨海西,bhx,binhaixi
2671,北京,bj,beijing
2672,磐安镇,paz,pananzhen
2673,库尔勒,kel,kuerle
2674,花山南,hsn,huashannan
2675,秦皇岛,qhd,qinhuangdao
2676,亭林,tl,tinglin
2677,师宗,sz,shizong
2678,小关溪,xgx,xiaoguanxi
2679,高平,gp,gaoping
2680,抚州,fz,fuzhou
2681,双河镇,shz,shuanghezhen
2682,虞城县,ycx,yuchengxian
2683,敖头,at,aotou
2684,哈达铺,hdp,hadapu
2685,册亨,ch,ceheng
2686,建湖,jh,jianhu
2687,平度,pd,pingdu
2688,贺胜桥东,hsqd,heshengqiaodong
2689,伊拉哈,ylh,yilaha
2690,嫩江,nj,nenjiang
2691,义县,yx,yixian
2692,秦家,qj,qinjia
2693,桃源,ty,taoyuan
2694,巴东,bd,badong
2695,郑州东,zzd,zhengzhoudong
2696,许家台,xjt,xujiatai
2697,茄子溪,qzx,qiezixi
2698,曲靖,qj,qujing
2699,芦沟,lg,lugou
2700,南朗,nl,nanlang
2701,高碑店,gbd,gaobeidian
2702,北滘,bj,beijiao
2703,棋子湾,qzw,qiziwan
2704,长潭沟,ztg,zhangtangou
2705,长葛,zg,zhangge
2706,徐水,xs,xushui
2707,巴中,bz,bazhong
2708,新阳镇,xyz,xinyangzhen
2709,扎兰屯,zlt,zhalantun
2710,上安,sa,shangan
2711,淮滨,hb,huaibin
2712,张掖西,zyx,zhangyexi
2713,河唇,hc,hechun
2714,安多,ad,anduo
2715,南木,nm,nanmu
2716,新乡,xx,xinxiang
2717,原平,yp,yuanping
2718,彝良,yl,yiliang
2719,西哲里木,xzlm,xizhelimu
2720,营盘水,yps,yingpanshui
2721,弋江,yj,yijiang
2722,福生庄,fsz,fushengzhuang
2723,南城司,ncs,nanchengsi
2724,清水,qs,qingshui
2725,高林屯,glt,gaolintun
2726,惠环,hh,huihuan
2727,松树镇,ssz,songshuzhen
2728,乌龙泉南,wlqn,wulongquannan
2729,怀仁,hr,huairen
2730,南芬北,nfb,nanfenbei
2731,麻阳,my,mayang
2732,神池,sc,shenchi
2733,新干,xg,xingan
2734,肇庆,zq,zhaoqing
2735,银瓶,yp,yinping
2736,新松浦,xsp,xinsongpu
2737,塔河,th,tahe
2738,南靖,nj,nanjing
2739,双石桥,ssq,shuangshiqiao
2740,青白江东,qbjd,qingbaijiangdong
2741,榆林,yl,yulin
2742,蕲春,qc,qichun
2743,泰州,tz,taizhou
2744,简阳南,jyn,jianyangnan
2745,浩良河,hlh,haolianghe
2746,安图西,atx,antuxi
2747,东胜东,dsd,dongshengdong
2748,洛碛,lq,luoqi
2749,苔青,tq,taiqing
2750,鹰潭,yt,yingtan
2751,祁县东,qxd,qixiandong
2752,兴凯,xk,xingkai
2753,白旗,bq,baiqi
2754,栟茶,bc,bingcha
2755,烟台,yt,yantai
2756,佛山西,fsx,foshanxi
2757,沙湾县,swx,shawanxian
2758,乌海北,whb,wuhaibei
2759,凯北,kb,kaibei
2760,高滩,gt,gaotan
2761,大荔,dl,dali
2762,界首南,jsn,jieshounan
2763,北京东,bjd,beijingdong
2764,曹妃甸港,cfdg,caofeidiangang
2765,白音胡硕,byhs,baiyinhushuo
2766,丹阳,dy,danyang
2767,石梯,st,shiti
2768,闻喜,wx,wenxi
2769,芨岭,jl,jiling
2770,一步滩,ybt,yibutan
2771,徘徊北,phb,paihuaibei
2772,友好,yh,youhao
2773,荣昌,rc,rongchang
2774,宏克力,hkl,hongkeli
2775,江宁西,jnx,jiangningxi
2776,林口,lk,linkou
2777,吉舒,js,jishu
2778,曹妃甸东,cfdd,caofeidiandong
2779,邯郸东,hdd,handandong
2780,乌拉山,wls,wulashan
2781,新绛,xj,xinjiang
2782,咸宁北,xnb,xianningbei
2783,塘豹,tb,tangbao
2784,芜湖,wh,wuhu
2785,沭阳,sy,shuyang
2786,黑台,ht,heitai
2787,常平东,cpd,changpingdong
2788,六道河子,ldhz,liudaohezi
2789,容县,rx,rongxian
2790,镇安,za,zhenan
2791,广州,gz,guangzhou
2792,攸县南,yxn,youxiannan
2793,韶关东,sgd,shaoguandong
2794,上海西,shx,shanghaixi
2795,三水,ss,sanshui
2796,甘泉北,gqb,ganquanbei
2797,都江堰,djy,doujiangyan
2798,清河,qh,qinghe
2799,榆树,ys,yushu
2800,宜昌东,ycd,yichangdong
2801,白银西,byx,baiyinxi
2802,青山,qs,qingshan
2803,平罗,pl,pingluo
2804,二道沟门,edgm,erdaogoumen
2805,武清,wq,wuqing
2806,园墩,yd,yuandun
2807,海阳北,hyb,haiyangbei
2808,永和,yh,yonghe
2809,达拉滨,dlb,dalabin
2810,上海虹桥,shhq,shanghaihongqiao
2811,新开,xk,xinkai
2812,阿克苏,aks,akesu
2813,南城,nc,nancheng
2814,小榄,xl,xiaolan
2815,闵集,mj,minji
2816,上谷,sg,shanggu
2817,复盛,fs,fusheng
2818,花土坡,htp,huatupo
2819,新会,xh,xinhui
2820,石磷,sl,shilin
2821,化德,hd,huade
2822,三元坝,syb,sanyuanba
2823,鸡西,jx,jixi
2824,塘沽,tg,tanggu
2825,余粮堡,ylb,yuliangbao
2826,宝坻,bc,baochi
2827,晋江,jj,jinjiang
2828,清水县,qsx,qingshuixian
2829,洞庙河,dmh,dongmiaohe
2830,珠斯花,zsh,zhusihua
2831,三江,sj,sanjiang
2832,昭通,zt,zhaotong
2833,古田北,gtb,gutianbei
2834,清水北,qsb,qingshuibei
2835,商丘东,sqd,shangqiudong
2836,桐木寨,tmz,tongmuzhai
2837,海拉尔,hle,hailaer
2838,依安,ya,yian
2839,扎赉诺尔,zlne,zhalainuoer
2840,秦岭,ql,qinling
2841,淮安东,had,huaiandong
2842,姚渡,yd,yaodu
2843,得耳布尔,debe,deerbuer
2844,贵阳,gy,guiyang
2845,木竹河,mzh,muzhuhe
2846,宝林,bl,baolin
2847,张百湾,zbw,zhangbaiwan
2848,松坝,sb,songba
2849,丰城,fc,fengcheng
2850,柳树泉,lsq,liushuquan
2851,松青,sq,songqing
2852,青岛,qd,qingdao
2853,黄羊湾,hyw,huangyangwan
2854,盐池,yc,yanchi
2855,明珠,mz,mingzhu
2856,普兰店,pld,pulandian
2857,旬阳北,xyb,xunyangbei
2858,三明北,smb,sanmingbei
2859,沈阳南,syn,shenyangnan
2860,新余,xy,xinyu
2861,玉舍,ys,yushe
2862,五家,wj,wujia
2863,溆浦,xp,xupu
2864,武义,wy,wuyi
2865,石头,st,shitou
2866,李石寨,lsz,lishizhai
2867,猴山,hs,houshan
2868,大理,dl,dali
2869,武乡,wx,wuxiang
2870,桂林北,glb,guilinbei
2871,江油北,jyb,jiangyoubei
2872,香港西九龙,xgxjl,xianggangxijiulong
2873,宜城,yc,yicheng
2874,山市,ss,shanshi
2875,邓州,dz,dengzhou
2876,新彦,xy,xinyan
2877,老羊壕,lyh,laoyanghao
2878,汇流河,hlh,huiliuhe
2879,太原,ty,taiyuan
2880,白沙沱,bst,baishatuo
2881,巴日图,brt,baritu
2882,仲恺,zk,zhongkai
2883,梁底下,ldx,liangdixia
2884,济南,jn,jinan
2885,庐江,lj,lujiang
2886,头道桥,tdq,toudaoqiao
2887,启东,qd,qidong
2888,老边,lb,laobian
2889,李家坪,ljp,lijiaping
2890,大同,dt,datong
2891,南昌西,ncx,nanchangxi
2892,白石山,bss,baishishan
2893,滴道,dd,didao
2894,上西铺,sxp,shangxipu
2895,中宁南,znn,zhongningnan
2896,古北口,gbk,gubeikou
2897,大营,dy,daying
2898,学庄,xz,xuezhuang
2899,申家店,sjd,shenjiadian
2900,刀尔登,ded,daoerdeng
2901,邛崃,ql,qionglai
2902,五寨,wz,wuzhai
2903,鱼泉,yq,yuquan
2904,布海,bh,buhai
2905,汨罗,ml,miluo
2906,斗沟子,dgz,dougouzi
2907,衡水,hs,hengshui
2908,山丹,sd,shandan
2909,南桥,nq,nanqiao
2910,郭尔奔敖包,gebab,guoerbenaobao
2911,咸宁南,xnn,xianningnan
2912,吴家屯,wjt,wujiatun
2913,墨玉,my,moyu
2914,镇江,zj,zhenjiang
2915,庐山,ls,lushan
2916,揭阳,jy,jieyang
2917,陵城,lc,lingcheng
2918,岳阳,yy,yueyang
2919,角美,jm,jiaomei
2920,虎山,hs,hushan
2921,金林,jl,jinlin
2922,龙池,lc,longchi
2923,哈密,hm,hami
2924,龙江,lj,longjiang
2925,建德,jd,jiande
2926,汾河,fh,fenhe
2927,深圳西,szx,shenzhenxi
2928,康城,kc,kangcheng
2929,沂水,ys,yishui